count,date,val1,val2,val3,val4,val5,val6,val7,bornas1,bornas2
第1回,2013年4月5日,07,10,12,17,23,28,34,03,15
第2回,2013年4月12日,20,24,29,31,33,34,35,12,32
第3回,2013年4月19日,02,07,08,11,14,23,31,05,15
第4回,2013年4月26日,12,13,22,23,24,28,29,02,14
第5回,2013年5月3日,01,03,04,05,16,21,28,22,31
第6回,2013年5月10日,05,15,19,23,30,34,35,06,25
第7回,2013年5月17日,01,03,05,07,27,29,33,06,15
第8回,2013年5月24日,02,21,28,29,30,32,36,06,08
第9回,2013年5月31日,03,04,15,23,27,30,36,13,35
第10回,2013年6月7日,01,02,03,06,24,28,30,16,20
第11回,2013年6月14日,09,15,26,29,32,34,36,14,35
第12回,2013年6月21日,11,12,14,19,26,27,33,24,32
第13回,2013年6月28日,06,10,16,21,27,28,35,15,34
第14回,2013年7月5日,04,07,08,09,24,28,30,34,36
第15回,2013年7月12日,02,10,14,17,23,25,35,08,29
第16回,2013年7月19日,05,06,09,13,16,21,23,08,34
第17回,2013年7月26日,02,03,05,22,34,36,37,07,15
第18回,2013年8月2日,12,17,21,24,29,31,36,20,26
第19回,2013年8月9日,02,14,19,20,21,22,31,01,15
第20回,2013年8月16日,02,05,13,20,21,23,28,11,22
第21回,2013年8月23日,01,09,13,15,25,30,33,19,28
第22回,2013年8月30日,02,04,08,09,15,23,25,03,10
第23回,2013年9月6日,04,08,11,25,28,29,30,14,32
第24回,2013年9月13日,04,05,08,10,16,19,33,02,29
第25回,2013年9月20日,01,06,11,16,17,18,21,10,24
第26回,2013年9月27日,11,13,16,18,26,31,36,21,27
第27回,2013年10月4日,01,10,11,14,17,18,28,25,26
第28回,2013年10月11日,06,07,12,15,19,35,37,01,11
第29回,2013年10月18日,02,03,16,17,24,26,28,15,31
第30回,2013年10月25日,06,08,13,22,26,32,36,16,34
第31回,2013年11月1日,09,12,13,19,23,33,34,20,32
第32回,2013年11月8日,03,08,15,18,27,29,37,31,34
第33回,2013年11月15日,01,04,17,24,29,33,36,19,30
第34回,2013年11月22日,04,06,07,23,24,32,35,08,27
第35回,2013年11月29日,01,16,18,19,25,30,34,26,36
第36回,2013年12月6日,05,06,10,11,20,28,36,25,37
第37回,2013年12月13日,07,08,10,13,14,19,37,29,33
第38回,2013年12月20日,04,14,19,22,24,29,34,08,31
第39回,2013年12月27日,07,13,19,23,25,26,30,01,18
第40回,2014年1月10日,02,06,11,23,26,31,34,07,20
第41回,2014年1月17日,02,03,08,15,34,35,36,25,28
第42回,2014年1月24日,02,15,16,17,23,31,33,08,26
第43回,2014年1月31日,04,06,07,08,24,31,37,05,13
第44回,2014年2月7日,03,04,06,15,27,28,29,01,14
第45回,2014年2月14日,01,02,09,18,21,27,33,25,31
第46回,2014年2月21日,02,05,06,15,23,27,30,04,35
第47回,2014年2月28日,02,09,11,14,20,21,36,06,15
第48回,2014年3月7日,03,05,24,26,29,30,34,08,35
第49回,2014年3月14日,08,11,12,17,24,26,27,14,21
第50回,2014年3月21日,03,04,07,08,15,24,29,11,16
第51回,2014年3月28日,01,04,05,08,20,23,35,15,33
第52回,2014年4月4日,08,10,22,24,26,32,34,05,09
第53回,2014年4月11日,01,04,14,16,20,33,36,12,30
第54回,2014年4月18日,01,03,05,10,18,22,23,07,35
第55回,2014年4月25日,04,12,14,17,23,30,36,13,33
第56回,2014年5月2日,04,23,26,27,28,32,36,29,30
第57回,2014年5月9日,05,06,12,16,17,20,33,08,32
第58回,2014年5月16日,01,06,07,08,23,32,33,11,34
第59回,2014年5月23日,05,08,12,13,21,30,35,27,34
第60回,2014年5月30日,03,07,09,15,16,23,34,05,33
第61回,2014年6月6日,05,10,11,21,28,31,37,13,14
第62回,2014年6月13日,04,10,12,15,27,32,33,09,16
第63回,2014年6月20日,04,08,19,24,28,30,32,12,37
第64回,2014年6月27日,04,15,16,17,20,29,36,19,26
第65回,2014年7月4日,04,07,12,22,23,24,28,25,34
第66回,2014年7月11日,01,11,25,28,31,33,37,03,20
第67回,2014年7月18日,07,11,15,17,18,25,35,06,33
第68回,2014年7月25日,02,07,13,15,24,34,35,12,23
第69回,2014年8月1日,13,17,20,22,28,29,37,11,12
第70回,2014年8月8日,09,10,18,21,27,33,35,04,11
第71回,2014年8月15日,01,06,13,29,34,35,37,02,15
第72回,2014年8月22日,11,12,18,19,20,31,32,09,21
第73回,2014年8月29日,12,16,23,25,27,30,32,28,33
第74回,2014年9月5日,05,13,14,15,16,24,31,09,11
第75回,2014年9月12日,04,09,15,17,19,35,37,10,20
第76回,2014年9月19日,04,13,18,29,32,34,36,24,33
第77回,2014年9月26日,03,10,23,25,26,28,30,15,29
第78回,2014年10月3日,05,06,10,14,24,28,36,07,20
第79回,2014年10月10日,02,04,07,09,21,29,37,06,36
第80回,2014年10月17日,02,05,10,18,21,24,27,25,34
第81回,2014年10月24日,01,03,10,18,28,31,35,09,21
第82回,2014年10月31日,01,03,16,20,25,27,34,18,37
第83回,2014年11月7日,01,11,21,26,28,32,35,18,22
第84回,2014年11月14日,08,16,23,28,29,35,36,12,37
第85回,2014年11月21日,06,07,10,11,22,26,35,14,23
第86回,2014年11月28日,03,10,20,21,22,26,30,24,35
第87回,2014年12月5日,08,09,12,18,20,28,31,13,15
第88回,2014年12月12日,03,04,10,14,25,29,30,18,19
第89回,2014年12月19日,01,03,11,26,28,34,36,17,20
第90回,2014年12月26日,02,08,09,13,14,18,37,11,25
第91回,2015年1月9日,01,05,07,14,15,25,35,18,24
第92回,2015年1月16日,04,05,15,25,26,29,32,11,27
第93回,2015年1月23日,02,05,11,14,17,30,32,31,37
第94回,2015年1月30日,13,19,20,27,28,29,30,26,36
第95回,2015年2月6日,01,08,13,14,18,30,34,26,36
第96回,2015年2月13日,09,11,14,21,22,23,24,10,36
第97回,2015年2月20日,07,13,14,16,22,24,35,01,29
第98回,2015年2月27日,03,09,11,13,19,25,33,10,30
第99回,2015年3月6日,13,17,22,24,27,28,35,11,19
第100回,2015年3月13日,01,02,11,16,25,35,36,09,14
第101回,2015年3月20日,11,12,21,23,28,36,37,03,16
第102回,2015年3月27日,01,04,08,27,28,29,31,13,25
第103回,2015年4月3日,02,03,11,12,22,35,36,30,34
第104回,2015年4月10日,07,09,11,15,16,22,37,12,13
第105回,2015年4月17日,03,15,19,20,26,28,33,17,21
第106回,2015年4月24日,06,10,12,19,21,22,30,01,11
第107回,2015年5月1日,03,08,09,13,17,27,33,29,31
第108回,2015年5月8日,02,06,07,08,28,30,36,18,21
第109回,2015年5月15日,06,17,20,21,24,30,32,07,23
第110回,2015年5月22日,04,12,22,30,31,35,36,19,37
第111回,2015年5月29日,07,08,09,24,28,30,33,01,34
第112回,2015年6月5日,06,07,10,15,27,35,36,13,20
第113回,2015年6月12日,04,06,07,09,15,17,37,14,20
第114回,2015年6月19日,08,13,26,27,28,29,37,04,12
第115回,2015年6月26日,06,08,13,14,20,25,27,24,26
第116回,2015年7月3日,09,14,23,27,28,31,32,03,20
第117回,2015年7月10日,09,10,20,28,31,34,37,23,26
第118回,2015年7月17日,05,08,09,24,27,28,30,16,20
第119回,2015年7月24日,03,06,08,14,15,25,36,24,35
第120回,2015年7月31日,02,16,18,26,32,35,37,09,36
第121回,2015年8月7日,02,04,13,16,21,30,37,19,29
第122回,2015年8月14日,02,16,18,26,27,34,35,05,12
第123回,2015年8月21日,01,03,05,08,29,34,36,23,28
第124回,2015年8月28日,01,02,15,17,18,22,36,06,27
第125回,2015年9月4日,01,06,11,14,19,28,35,18,21
第126回,2015年9月11日,04,10,13,16,17,21,27,01,18
第127回,2015年9月18日,10,12,15,23,28,30,35,06,25
第128回,2015年9月25日,02,04,08,23,26,27,32,03,35
第129回,2015年10月2日,05,07,11,19,24,27,30,29,35
第130回,2015年10月9日,01,15,20,23,25,31,32,05,24
第131回,2015年10月16日,03,04,12,17,32,34,36,23,31
第132回,2015年10月23日,07,10,14,16,20,30,31,35,37
第133回,2015年10月30日,03,07,13,15,17,21,30,14,27
第134回,2015年11月6日,04,09,20,28,30,34,35,12,29
第135回,2015年11月13日,08,09,13,14,24,32,34,03,04
第136回,2015年11月20日,10,17,24,27,30,33,37,18,31
第137回,2015年11月27日,13,19,21,25,27,32,35,16,20
第138回,2015年12月4日,02,05,17,20,21,32,33,30,35
第139回,2015年12月11日,09,16,18,21,23,34,35,04,36
第140回,2015年12月18日,03,11,12,13,17,26,35,01,33
第141回,2015年12月25日,02,10,18,30,31,32,36,21,29
第142回,2016年1月8日,06,12,14,18,21,27,28,01,33
第143回,2016年1月15日,01,03,08,14,28,29,33,04,31
第144回,2016年1月22日,02,09,13,18,22,32,36,17,26
第145回,2016年1月29日,10,12,18,28,29,30,35,04,19
第146回,2016年2月5日,04,10,25,27,28,33,34,15,35
第147回,2016年2月12日,01,05,07,12,15,24,25,08,14
第148回,2016年2月19日,01,09,11,16,20,30,34,12,33
第149回,2016年2月26日,01,04,15,19,22,23,31,12,32
第150回,2016年3月4日,06,07,14,20,27,31,34,11,24
第151回,2016年3月11日,09,10,13,15,21,22,24,04,08
第152回,2016年3月18日,08,12,17,21,23,24,31,06,07
第153回,2016年3月25日,07,09,10,16,20,28,37,02,33
第154回,2016年4月1日,02,04,19,21,24,28,35,03,13
第155回,2016年4月8日,02,09,13,18,22,24,26,10,37
第156回,2016年4月15日,04,09,16,19,22,33,34,17,36
第157回,2016年4月22日,05,09,16,26,28,29,32,01,37
第158回,2016年4月29日,03,06,07,30,32,36,37,05,20
第159回,2016年5月6日,10,14,17,21,23,27,31,16,24
第160回,2016年5月13日,01,02,08,24,32,36,37,23,33
第161回,2016年5月20日,08,14,17,18,20,22,34,04,30
第162回,2016年5月27日,02,07,08,12,14,23,27,06,10
第163回,2016年6月3日,01,02,06,16,28,30,31,03,07
第164回,2016年6月10日,03,13,20,23,31,35,36,02,11
第165回,2016年6月17日,09,11,14,15,16,18,27,06,20
第166回,2016年6月24日,14,20,27,29,30,31,37,23,34
第167回,2016年7月1日,01,03,05,07,10,26,36,19,37
第168回,2016年7月8日,03,09,12,14,19,20,36,02,05
第169回,2016年7月15日,01,05,10,20,21,28,30,25,26
第170回,2016年7月22日,03,05,06,09,27,32,36,12,24
第171回,2016年7月29日,01,02,06,21,23,27,28,11,16
第172回,2016年8月5日,05,20,21,27,30,31,36,09,26
第173回,2016年8月12日,07,09,19,22,24,27,30,04,28
第174回,2016年8月19日,10,13,14,15,23,31,32,04,29
第175回,2016年8月26日,06,17,21,31,33,35,37,14,18
第176回,2016年9月2日,01,11,12,17,22,30,35,15,16
第177回,2016年9月9日,09,15,19,23,25,34,36,02,35
第178回,2016年9月16日,06,09,11,15,26,34,36,13,37
第179回,2016年9月23日,04,09,12,13,22,26,36,05,33
第180回,2016年9月30日,01,08,11,21,23,25,28,05,37
第181回,2016年10月7日,07,08,10,13,19,23,24,15,27
第182回,2016年10月14日,01,07,10,11,20,23,30,03,37
第183回,2016年10月21日,06,15,20,26,33,34,37,19,29
第184回,2016年10月28日,07,14,18,22,23,26,34,02,32
第185回,2016年11月4日,01,02,04,16,26,29,34,11,12
第186回,2016年11月11日,05,14,16,19,31,33,37,21,28
第187回,2016年11月18日,04,06,10,23,24,32,36,15,31
第188回,2016年11月25日,06,15,19,25,26,30,31,14,18
第189回,2016年12月2日,03,07,08,10,18,23,35,01,19
第190回,2016年12月9日,02,11,12,18,21,33,36,08,34
第191回,2016年12月16日,08,15,21,24,26,27,29,07,30
第192回,2016年12月23日,12,13,14,19,25,33,34,03,22
第193回,2016年12月30日,04,06,20,21,22,24,31,09,10
第194回,2017年1月6日,03,06,27,30,31,32,36,14,23
第195回,2017年1月13日,04,07,12,20,23,24,31,26,35
第196回,2017年1月20日,07,13,15,25,30,32,37,08,14
第197回,2017年1月27日,06,08,10,12,16,21,28,14,23
第198回,2017年2月3日,18,21,31,32,33,36,37,05,25
第199回,2017年2月10日,01,09,17,20,22,28,29,13,16
第200回,2017年2月17日,13,14,17,21,27,28,34,01,11
,,,,,,,,,,
第221回,2017年7月14日,01,02,09,11,17,30,35,13,36
第222回,2017年7月21日,03,09,18,21,23,27,29,35,37
第223回,2017年7月28日,10,13,19,21,26,33,34,24,25
第224回,2017年8月4日,02,04,07,10,12,29,34,01,21
第225回,2017年8月11日,13,15,17,18,20,21,26,25,29
第226回,2017年8月18日,12,17,21,24,26,30,32,10,22
第227回,2017年8月25日,02,03,07,09,22,23,26,29,30
第228回,2017年9月1日,06,11,14,21,24,28,31,22,36
第229回,2017年9月8日,02,03,09,30,33,36,37,01,32
第230回,2017年9月15日,03,05,08,15,22,25,27,18,31
第231回,2017年9月22日,04,15,18,24,25,34,36,10,26
第232回,2017年9月29日,02,04,07,09,15,35,37,10,23
第233回,2017年10月6日,03,13,17,25,26,27,29,08,37
第234回,2017年10月13日,07,14,15,16,23,25,30,05,34
第235回,2017年10月20日,02,09,13,18,21,33,34,03,11
第236回,2017年10月27日,19,22,23,34,35,36,37,10,30
第237回,2017年11月3日,03,04,07,19,20,21,29,08,33
第238回,2017年11月10日,03,21,26,33,34,35,37,23,31
第239回,2017年11月17日,08,13,17,21,23,28,37,01,14
第240回,2017年11月24日,09,12,14,24,29,31,35,05,30
第241回,2017年12月1日,05,11,12,19,21,26,28,04,20
第242回,2017年12月8日,01,05,13,17,31,32,35,19,24
第243回,2017年12月15日,06,09,13,18,20,22,30,11,14
第244回,2017年12月22日,02,09,17,22,32,34,36,11,12
第245回,2017年12月29日,02,08,09,11,24,26,27,07,36
第246回,2018年1月5日,03,06,09,19,23,25,31,21,36
第247回,2018年1月12日,10,12,13,16,34,35,36,11,37
第248回,2018年1月19日,01,05,06,22,25,27,31,12,18
第249回,2018年1月26日,09,20,28,29,31,34,37,05,25
第250回,2018年2月2日,05,09,10,13,26,30,34,18,23
第251回,2018年2月9日,01,15,20,26,28,34,37,23,30
第252回,2018年2月16日,08,23,24,25,27,30,31,11,17
第253回,2018年2月23日,06,07,09,12,15,17,24,26,29
第254回,2018年3月2日,01,12,14,18,23,24,31,07,26
第255回,2018年3月9日,01,04,11,13,15,21,32,05,10
第256回,2018年3月16日,14,21,24,27,30,33,37,19,20
第257回,2018年3月23日,05,15,16,26,27,32,35,23,28
第258回,2018年3月30日,01,03,11,20,23,32,35,25,26
第259回,2018年4月6日,05,06,15,19,22,29,32,04,31
第260回,2018年4月13日,04,08,12,23,29,31,34,05,06
第261回,2018年4月20日,04,14,15,17,21,23,26,07,08
第262回,2018年4月27日,02,06,07,09,19,23,36,05,15
第263回,2018年5月4日,01,05,11,16,27,35,36,06,14
第264回,2018年5月11日,08,13,15,17,21,26,29,04,24
第265回,2018年5月18日,12,13,15,19,21,24,36,10,37
第266回,2018年5月25日,06,11,15,17,20,27,32,16,22
第267回,2018年6月1日,08,13,18,20,23,25,26,06,28
第268回,2018年6月8日,04,05,09,15,29,31,33,26,27
第269回,2018年6月15日,01,09,15,24,31,33,36,02,26
第270回,2018年6月22日,01,02,11,13,15,24,25,26,28
第271回,2018年6月29日,01,09,15,16,19,32,35,14,31
第272回,2018年7月6日,02,05,08,15,18,26,31,19,25
第273回,2018年7月13日,13,15,21,23,26,32,34,05,09
第274回,2018年7月20日,09,14,21,23,25,26,37,07,29
第275回,2018年7月27日,08,09,15,19,24,25,35,34,37
第276回,2018年8月3日,03,06,12,17,22,34,35,02,33
第277回,2018年8月10日,06,07,09,11,21,23,25,01,22
第278回,2018年8月17日,06,09,14,21,23,33,36,27,28
第279回,2018年8月24日,07,11,15,17,19,23,31,09,37
第280回,2018年8月31日,04,09,10,11,24,32,35,02,37
第281回,2018年9月7日,01,02,17,19,20,22,26,30,36
第282回,2018年9月14日,10,17,18,25,29,35,36,07,14
第283回,2018年9月21日,13,14,15,17,23,29,31,10,19
第284回,2018年9月28日,06,07,10,25,29,30,33,01,31
第285回,2018年10月5日,11,15,21,26,30,34,35,04,36
第286回,2018年10月12日,04,05,14,17,18,29,37,27,31
第287回,2018年10月19日,02,07,10,20,24,29,34,04,08
第288回,2018年10月26日,01,08,09,16,27,32,37,17,31
第289回,2018年11月2日,02,07,10,12,16,17,34,23,25
第290回,2018年11月9日,03,13,22,26,31,32,37,29,35
第291回,2018年11月16日,01,11,18,19,21,29,37,05,15
第292回,2018年11月23日,12,15,25,26,27,29,35,24,30
第293回,2018年11月30日,11,13,15,20,27,29,35,01,07
第294回,2018年12月7日,03,04,06,10,14,22,29,28,32
第295回,2018年12月14日,04,05,06,08,09,22,32,13,26
第296回,2018年12月21日,01,08,10,12,18,28,29,25,27
第297回,2018年12月28日,02,03,11,16,23,28,36,08,24
第298回,2019年1月4日,01,03,08,11,18,19,22,26,30
第299回,2019年1月11日,01,06,10,13,16,26,36,28,30
第300回,2019年1月18日,04,07,21,31,33,34,35,06,12
第301回,2019年1月25日,04,11,12,25,27,30,33,05,19
第302回,2019年2月1日,08,16,26,27,28,32,34,04,25
第303回,2019年2月8日,04,07,14,17,21,34,37,10,30
第304回,2019年2月15日,07,09,10,17,28,33,36,18,23
第305回,2019年2月22日,06,17,23,24,27,28,31,10,18
第306回,2019年3月1日,12,13,15,22,25,33,35,01,31
第307回,2019年3月8日,05,08,15,24,25,32,35,20,26
第308回,2019年3月15日,05,06,11,15,20,32,33,13,25
第309回,2019年3月22日,01,07,13,14,16,21,22,18,34
第310回,2019年3月29日,17,25,26,28,31,32,37,06,09
第311回,2019年4月5日,09,11,18,24,26,27,37,30,33
第312回,2019年4月12日,01,02,04,18,20,29,34,17,30
第313回,2019年4月19日,09,13,16,23,28,29,30,01,20
第314回,2019年4月26日,03,06,08,19,32,34,35,12,30
第315回,2019年5月3日,03,11,18,26,30,33,37,28,31
第316回,2019年5月10日,03,09,10,17,30,33,34,06,08
第317回,2019年5月17日,07,08,14,15,16,20,29,18,19
第318回,2019年5月24日,04,05,10,12,27,34,36,03,14
第319回,2019年5月31日,02,06,14,23,28,31,35,19,27
第320回,2019年6月7日,05,06,18,22,26,33,34,36,37
,,,,,,,,,,
第341回,2019年11月1日,04,11,17,27,29,31,36,19,24
第342回,2019年11月8日,03,06,24,28,32,35,36,04,08
第343回,2019年11月15日,17,19,22,29,30,31,32,11,16
第344回,2019年11月22日,11,19,28,29,31,32,37,12,21
第345回,2019年11月29日,06,09,10,18,28,31,32,24,35
第346回,2019年12月6日,11,16,18,23,30,31,35,03,27
第347回,2019年12月13日,03,06,11,13,18,20,34,25,35
第348回,2019年12月20日,02,05,17,18,19,20,33,01,24
第349回,2019年12月27日,04,10,11,15,18,22,34,16,32
第350回,2020年1月10日,10,19,21,23,24,30,37,02,28
第351回,2020年1月17日,08,13,17,19,23,25,28,05,16
第352回,2020年1月24日,03,04,14,18,26,30,32,28,34
第353回,2020年1月31日,11,15,22,23,24,29,33,19,34
第354回,2020年2月7日,01,02,08,10,13,25,31,23,35
第355回,2020年2月14日,04,06,09,10,23,27,33,14,31
第356回,2020年2月21日,04,16,20,30,33,34,36,19,21
第357回,2020年2月28日,05,08,12,13,14,24,30,27,35
第358回,2020年3月6日,05,13,14,26,32,33,34,08,11
第359回,2020年3月13日,04,07,11,17,19,26,35,01,24
第360回,2020年3月20日,09,11,13,14,20,22,37,15,17
第361回,2020年3月27日,05,09,16,20,29,33,35,02,08
第362回,2020年4月3日,04,07,08,14,22,24,27,13,26
第363回,2020年4月10日,13,15,17,22,26,34,36,03,19
第364回,2020年4月17日,03,09,10,14,16,20,27,19,33
第365回,2020年4月24日,01,04,13,14,16,22,35,10,23
第366回,2020年5月1日,10,24,25,26,27,33,36,04,23
第367回,2020年5月8日,08,14,19,20,29,30,31,07,35
第368回,2020年5月15日,07,08,09,13,21,34,35,03,20
第369回,2020年5月22日,01,07,09,11,15,31,34,06,33
第370回,2020年5月29日,07,10,16,25,26,33,34,24,35
第371回,2020年6月5日,01,03,04,08,11,21,25,12,23
第372回,2020年6月12日,06,08,22,23,32,33,36,09,27
第373回,2020年6月19日,02,03,17,18,22,23,31,04,30
第374回,2020年6月26日,04,05,09,10,18,27,35,15,34
第375回,2020年7月3日,13,15,18,19,23,27,32,34,35
第376回,2020年7月10日,06,11,14,17,23,31,37,10,15
第377回,2020年7月17日,06,07,10,17,25,33,36,27,32
第378回,2020年7月24日,01,05,09,10,14,15,29,20,28
第379回,2020年7月31日,03,08,15,22,24,29,35,18,26
第380回,2020年8月7日,08,14,24,25,32,34,36,13,16
第381回,2020年8月14日,04,08,25,26,27,31,32,09,22
第382回,2020年8月21日,02,03,05,08,19,22,37,16,28
第383回,2020年8月28日,08,11,15,22,26,28,30,10,20
第384回,2020年9月4日,03,07,15,18,26,30,31,09,33
第385回,2020年9月11日,04,12,14,24,29,34,35,05,15
第386回,2020年9月18日,09,19,22,32,35,36,37,07,21
第387回,2020年9月25日,03,07,13,22,30,32,37,14,15
第388回,2020年10月2日,01,06,08,10,18,21,32,13,28
第389回,2020年10月9日,01,06,11,13,18,24,27,17,23
第390回,2020年10月16日,03,06,19,21,23,26,27,30,34
第391回,2020年10月23日,10,23,27,32,33,35,37,24,26
第392回,2020年10月30日,01,04,06,15,20,22,26,18,21
第393回,2020年11月6日,07,14,15,22,27,30,31,09,32
第394回,2020年11月13日,06,10,22,23,27,32,33,08,19
第395回,2020年11月20日,01,02,05,20,26,29,32,08,09
第396回,2020年11月27日,02,03,05,08,16,20,34,26,31
第397回,2020年12月4日,04,12,13,15,21,28,37,07,20
第398回,2020年12月11日,03,04,10,17,20,22,33,01,06
第399回,2020年12月18日,07,15,19,20,21,33,36,04,10
第400回,2020年12月25日,04,17,22,28,30,31,35,25,34
第401回,2021年1月8日,04,05,09,14,18,30,35,01,33
第402回,2021年1月15日,07,09,12,17,20,26,29,04,13
第403回,2021年1月22日,02,06,08,12,19,20,29,05,26
第404回,2021年1月29日,04,08,13,16,25,30,32,09,26
第405回,2021年2月5日,03,10,16,17,24,32,36,11,29
第406回,2021年2月12日,01,02,05,16,18,21,29,24,25
第407回,2021年2月19日,19,21,25,26,28,30,31,09,16
第408回,2021年2月26日,16,18,19,21,29,30,35,14,28
第409回,2021年3月5日,13,15,16,24,30,31,37,12,33
第410回,2021年3月12日,01,02,18,21,26,29,37,09,36
第411回,2021年3月19日,04,11,12,21,23,27,36,09,14
第412回,2021年3月26日,14,20,22,29,31,33,34,15,24
第413回,2021年4月2日,03,10,16,18,19,34,35,27,36
第414回,2021年4月9日,03,08,16,21,25,36,37,14,20
第415回,2021年4月16日,04,08,12,13,23,32,37,16,35
第416回,2021年4月23日,08,09,10,15,16,30,31,29,36
第417回,2021年4月30日,04,05,13,18,23,27,32,09,11
第418回,2021年5月7日,10,13,17,18,22,28,37,01,20
第419回,2021年5月14日,03,11,14,21,26,29,34,22,33
第420回,2021年5月21日,04,05,11,13,24,32,34,02,03
第421回,2021年5月28日,09,15,18,26,28,32,37,21,36
第422回,2021年6月4日,01,09,21,23,30,35,36,05,06
第423回,2021年6月11日,01,07,09,11,29,31,32,02,06
第424回,2021年6月18日,05,06,12,19,25,30,35,26,33
第425回,2021年6月25日,02,09,14,20,22,34,35,07,24
第426回,2021年7月2日,01,02,06,08,30,31,33,13,35
第427回,2021年7月9日,11,13,26,27,31,33,37,09,18
第428回,2021年7月16日,03,06,16,22,31,34,35,24,32
第429回,2021年7月23日,06,11,14,27,30,32,35,18,24
第430回,2021年7月30日,02,12,17,24,28,30,32,03,27
第431回,2021年8月6日,07,11,12,17,19,20,26,02,03
第432回,2021年8月13日,05,10,13,24,29,30,35,21,31
第433回,2021年8月20日,14,17,20,25,32,33,36,10,34
第434回,2021年8月27日,10,11,12,17,29,34,37,26,30
第435回,2021年9月3日,03,05,07,11,15,17,25,13,32
第436回,2021年9月10日,05,06,21,22,26,31,32,18,36
第437回,2021年9月17日,08,10,14,15,23,25,26,01,11
第438回,2021年9月24日,04,13,16,21,32,34,37,27,33
第435回,2021年9月3日,03,05,07,11,15,17,25,13,32
第436回,2021年9月10日,05,06,21,22,26,31,32,18,36
第437回,2021年9月17日,08,10,14,15,23,25,26,01,11
第438回,2021年9月24日,04,13,16,21,32,34,37,27,33
第439回,2021年10月1日,01,03,06,09,26,29,31,14,18
第440回,2021年10月8日,05,10,17,18,19,22,32,14,35
第441回,2021年10月15日,15,21,22,23,27,28,37,08,25
第442回,2021年10月22日,06,13,14,16,19,30,32,25,36
第443回,2021年10月29日,01,05,08,26,28,32,36,23,24
第435回,2021年9月3日,03,05,07,11,15,17,25,13,32
第436回,2021年9月10日,05,06,21,22,26,31,32,18,36
第437回,2021年9月17日,08,10,14,15,23,25,26,01,11
第438回,2021年9月24日,04,13,16,21,32,34,37,27,33
第439回,2021年10月1日,01,03,06,09,26,29,31,14,18
第440回,2021年10月8日,05,10,17,18,19,22,32,14,35
第441回,2021年10月15日,15,21,22,23,27,28,37,08,25
第442回,2021年10月22日,06,13,14,16,19,30,32,25,36
第443回,2021年10月29日,01,05,08,26,28,32,36,23,24
第444回,2021年11月5日,11,15,16,17,18,27,29,25,33
第445回,2021年11月12日,04,22,25,27,28,30,33,02,03
第446回,2021年11月19日,01,07,09,12,15,29,32,11,28
第447回,2021年11月26日,03,05,08,13,26,30,37,25,28
第435回,2021年9月3日,03,05,07,11,15,17,25,13,32
第436回,2021年9月10日,05,06,21,22,26,31,32,18,36
第437回,2021年9月17日,08,10,14,15,23,25,26,01,11
第438回,2021年9月24日,04,13,16,21,32,34,37,27,33
第439回,2021年10月1日,01,03,06,09,26,29,31,14,18
第440回,2021年10月8日,05,10,17,18,19,22,32,14,35
第441回,2021年10月15日,15,21,22,23,27,28,37,08,25
第442回,2021年10月22日,06,13,14,16,19,30,32,25,36
第443回,2021年10月29日,01,05,08,26,28,32,36,23,24
第444回,2021年11月5日,11,15,16,17,18,27,29,25,33
第445回,2021年11月12日,04,22,25,27,28,30,33,02,03
第446回,2021年11月19日,01,07,09,12,15,29,32,11,28
第447回,2021年11月26日,03,05,08,13,26,30,37,25,28
第448回,2021年12月3日,07,21,24,29,32,36,37,22,27
第449回,2021年12月10日,02,21,26,27,32,33,34,08,09
第450回,2021年12月17日,02,07,12,15,21,23,30,09,31
第451回,2021年12月24日,02,15,22,25,28,33,37,10,17
第435回,2021年9月3日,03,05,07,11,15,17,25,13,32
第436回,2021年9月10日,05,06,21,22,26,31,32,18,36
第437回,2021年9月17日,08,10,14,15,23,25,26,01,11
第438回,2021年9月24日,04,13,16,21,32,34,37,27,33
第439回,2021年10月1日,01,03,06,09,26,29,31,14,18
第440回,2021年10月8日,05,10,17,18,19,22,32,14,35
第441回,2021年10月15日,15,21,22,23,27,28,37,08,25
第442回,2021年10月22日,06,13,14,16,19,30,32,25,36
第443回,2021年10月29日,01,05,08,26,28,32,36,23,24
第444回,2021年11月5日,11,15,16,17,18,27,29,25,33
第445回,2021年11月12日,04,22,25,27,28,30,33,02,03
第446回,2021年11月19日,01,07,09,12,15,29,32,11,28
第447回,2021年11月26日,03,05,08,13,26,30,37,25,28
第448回,2021年12月3日,07,21,24,29,32,36,37,22,27
第449回,2021年12月10日,02,21,26,27,32,33,34,08,09
第450回,2021年12月17日,02,07,12,15,21,23,30,09,31
第451回,2021年12月24日,02,15,22,25,28,33,37,10,17
第452回,2022年1月7日,05,17,20,21,31,34,35,08,27
第453回,2022年1月14日,02,08,10,21,24,26,35,09,13
第454回,2022年1月21日,08,17,21,26,27,29,31,01,33
第455回,2022年1月28日,01,05,08,15,18,26,36,33,34
第435回,2021年9月3日,03,05,07,11,15,17,25,13,32
第436回,2021年9月10日,05,06,21,22,26,31,32,18,36
第437回,2021年9月17日,08,10,14,15,23,25,26,01,11
第438回,2021年9月24日,04,13,16,21,32,34,37,27,33
第439回,2021年10月1日,01,03,06,09,26,29,31,14,18
第440回,2021年10月8日,05,10,17,18,19,22,32,14,35
第441回,2021年10月15日,15,21,22,23,27,28,37,08,25
第442回,2021年10月22日,06,13,14,16,19,30,32,25,36
第443回,2021年10月29日,01,05,08,26,28,32,36,23,24
第444回,2021年11月5日,11,15,16,17,18,27,29,25,33
第445回,2021年11月12日,04,22,25,27,28,30,33,02,03
第446回,2021年11月19日,01,07,09,12,15,29,32,11,28
第447回,2021年11月26日,03,05,08,13,26,30,37,25,28
第448回,2021年12月3日,07,21,24,29,32,36,37,22,27
第449回,2021年12月10日,02,21,26,27,32,33,34,08,09
第450回,2021年12月17日,02,07,12,15,21,23,30,09,31
第451回,2021年12月24日,02,15,22,25,28,33,37,10,17
第452回,2022年1月7日,05,17,20,21,31,34,35,08,27
第453回,2022年1月14日,02,08,10,21,24,26,35,09,13
第454回,2022年1月21日,08,17,21,26,27,29,31,01,33
第455回,2022年1月28日,01,05,08,15,18,26,36,33,34
第456回,2022年2月4日,09,15,17,18,22,25,31,33,36
第457回,2022年2月11日,07,14,19,27,31,35,36,09,33
第458回,2022年2月18日,07,11,12,14,19,21,33,06,37
第459回,2022年2月25日,02,04,07,08,10,20,29,14,33
第435回,2021年9月3日,03,05,07,11,15,17,25,13,32
第436回,2021年9月10日,05,06,21,22,26,31,32,18,36
第437回,2021年9月17日,08,10,14,15,23,25,26,01,11
第438回,2021年9月24日,04,13,16,21,32,34,37,27,33
第439回,2021年10月1日,01,03,06,09,26,29,31,14,18
第440回,2021年10月8日,05,10,17,18,19,22,32,14,35
第441回,2021年10月15日,15,21,22,23,27,28,37,08,25
第442回,2021年10月22日,06,13,14,16,19,30,32,25,36
第443回,2021年10月29日,01,05,08,26,28,32,36,23,24
第444回,2021年11月5日,11,15,16,17,18,27,29,25,33
第445回,2021年11月12日,04,22,25,27,28,30,33,02,03
第446回,2021年11月19日,01,07,09,12,15,29,32,11,28
第447回,2021年11月26日,03,05,08,13,26,30,37,25,28
第448回,2021年12月3日,07,21,24,29,32,36,37,22,27
第449回,2021年12月10日,02,21,26,27,32,33,34,08,09
第450回,2021年12月17日,02,07,12,15,21,23,30,09,31
第451回,2021年12月24日,02,15,22,25,28,33,37,10,17
第452回,2022年1月7日,05,17,20,21,31,34,35,08,27
第453回,2022年1月14日,02,08,10,21,24,26,35,09,13
第454回,2022年1月21日,08,17,21,26,27,29,31,01,33
第455回,2022年1月28日,01,05,08,15,18,26,36,33,34
第456回,2022年2月4日,09,15,17,18,22,25,31,33,36
第457回,2022年2月11日,07,14,19,27,31,35,36,09,33
第458回,2022年2月18日,07,11,12,14,19,21,33,06,37
第459回,2022年2月25日,02,04,07,08,10,20,29,14,33
第460回,2022年3月4日,05,06,09,23,27,28,30,04,13
第461回,2022年3月11日,02,13,19,22,32,35,37,14,33
第462回,2022年3月18日,07,11,24,27,29,34,35,04,18
第463回,2022年3月25日,03,07,13,16,19,24,30,06,10
第435回,2021年9月3日,03,05,07,11,15,17,25,13,32
第436回,2021年9月10日,05,06,21,22,26,31,32,18,36
第437回,2021年9月17日,08,10,14,15,23,25,26,01,11
第438回,2021年9月24日,04,13,16,21,32,34,37,27,33
第439回,2021年10月1日,01,03,06,09,26,29,31,14,18
第440回,2021年10月8日,05,10,17,18,19,22,32,14,35
第441回,2021年10月15日,15,21,22,23,27,28,37,08,25
第442回,2021年10月22日,06,13,14,16,19,30,32,25,36
第443回,2021年10月29日,01,05,08,26,28,32,36,23,24
第444回,2021年11月5日,11,15,16,17,18,27,29,25,33
第445回,2021年11月12日,04,22,25,27,28,30,33,02,03
第446回,2021年11月19日,01,07,09,12,15,29,32,11,28
第447回,2021年11月26日,03,05,08,13,26,30,37,25,28
第448回,2021年12月3日,07,21,24,29,32,36,37,22,27
第449回,2021年12月10日,02,21,26,27,32,33,34,08,09
第450回,2021年12月17日,02,07,12,15,21,23,30,09,31
第451回,2021年12月24日,02,15,22,25,28,33,37,10,17
第452回,2022年1月7日,05,17,20,21,31,34,35,08,27
第453回,2022年1月14日,02,08,10,21,24,26,35,09,13
第454回,2022年1月21日,08,17,21,26,27,29,31,01,33
第455回,2022年1月28日,01,05,08,15,18,26,36,33,34
第456回,2022年2月4日,09,15,17,18,22,25,31,33,36
第457回,2022年2月11日,07,14,19,27,31,35,36,09,33
第458回,2022年2月18日,07,11,12,14,19,21,33,06,37
第459回,2022年2月25日,02,04,07,08,10,20,29,14,33
第460回,2022年3月4日,05,06,09,23,27,28,30,04,13
第461回,2022年3月11日,02,13,19,22,32,35,37,14,33
第462回,2022年3月18日,07,11,24,27,29,34,35,04,18
第463回,2022年3月25日,03,07,13,16,19,24,30,06,10
第464回,2022年4月1日,07,08,13,17,30,32,36,01,10
第465回,2022年4月8日,01,04,05,13,27,31,35,15,22
第466回,2022年4月15日,05,06,08,14,15,25,29,18,33
第467回,2022年4月22日,07,08,11,13,14,26,30,31,34
第468回,2022年4月29日,03,12,15,16,25,29,37,26,28
第435回,2021年9月3日,03,05,07,11,15,17,25,13,32
第436回,2021年9月10日,05,06,21,22,26,31,32,18,36
第437回,2021年9月17日,08,10,14,15,23,25,26,01,11
第438回,2021年9月24日,04,13,16,21,32,34,37,27,33
第439回,2021年10月1日,01,03,06,09,26,29,31,14,18
第440回,2021年10月8日,05,10,17,18,19,22,32,14,35
第441回,2021年10月15日,15,21,22,23,27,28,37,08,25
第442回,2021年10月22日,06,13,14,16,19,30,32,25,36
第443回,2021年10月29日,01,05,08,26,28,32,36,23,24
第444回,2021年11月5日,11,15,16,17,18,27,29,25,33
第445回,2021年11月12日,04,22,25,27,28,30,33,02,03
第446回,2021年11月19日,01,07,09,12,15,29,32,11,28
第447回,2021年11月26日,03,05,08,13,26,30,37,25,28
第448回,2021年12月3日,07,21,24,29,32,36,37,22,27
第449回,2021年12月10日,02,21,26,27,32,33,34,08,09
第450回,2021年12月17日,02,07,12,15,21,23,30,09,31
第451回,2021年12月24日,02,15,22,25,28,33,37,10,17
第452回,2022年1月7日,05,17,20,21,31,34,35,08,27
第453回,2022年1月14日,02,08,10,21,24,26,35,09,13
第454回,2022年1月21日,08,17,21,26,27,29,31,01,33
第455回,2022年1月28日,01,05,08,15,18,26,36,33,34
第456回,2022年2月4日,09,15,17,18,22,25,31,33,36
第457回,2022年2月11日,07,14,19,27,31,35,36,09,33
第458回,2022年2月18日,07,11,12,14,19,21,33,06,37
第459回,2022年2月25日,02,04,07,08,10,20,29,14,33
第460回,2022年3月4日,05,06,09,23,27,28,30,04,13
第461回,2022年3月11日,02,13,19,22,32,35,37,14,33
第462回,2022年3月18日,07,11,24,27,29,34,35,04,18
第463回,2022年3月25日,03,07,13,16,19,24,30,06,10
第464回,2022年4月1日,07,08,13,17,30,32,36,01,10
第465回,2022年4月8日,01,04,05,13,27,31,35,15,22
第466回,2022年4月15日,05,06,08,14,15,25,29,18,33
第467回,2022年4月22日,07,08,11,13,14,26,30,31,34
第468回,2022年4月29日,03,12,15,16,25,29,37,26,28
第469回,2022年5月6日,01,06,08,13,16,30,33,23,28
第470回,2022年5月13日,02,03,09,16,27,32,36,01,34
第471回,2022年5月20日,03,05,07,08,11,19,34,17,32
第472回,2022年5月27日,05,07,08,32,33,34,36,04,06
第435回,2021年9月3日,03,05,07,11,15,17,25,13,32
第436回,2021年9月10日,05,06,21,22,26,31,32,18,36
第437回,2021年9月17日,08,10,14,15,23,25,26,01,11
第438回,2021年9月24日,04,13,16,21,32,34,37,27,33
第439回,2021年10月1日,01,03,06,09,26,29,31,14,18
第440回,2021年10月8日,05,10,17,18,19,22,32,14,35
第441回,2021年10月15日,15,21,22,23,27,28,37,08,25
第442回,2021年10月22日,06,13,14,16,19,30,32,25,36
第443回,2021年10月29日,01,05,08,26,28,32,36,23,24
第444回,2021年11月5日,11,15,16,17,18,27,29,25,33
第445回,2021年11月12日,04,22,25,27,28,30,33,02,03
第446回,2021年11月19日,01,07,09,12,15,29,32,11,28
第447回,2021年11月26日,03,05,08,13,26,30,37,25,28
第448回,2021年12月3日,07,21,24,29,32,36,37,22,27
第449回,2021年12月10日,02,21,26,27,32,33,34,08,09
第450回,2021年12月17日,02,07,12,15,21,23,30,09,31
第451回,2021年12月24日,02,15,22,25,28,33,37,10,17
第452回,2022年1月7日,05,17,20,21,31,34,35,08,27
第453回,2022年1月14日,02,08,10,21,24,26,35,09,13
第454回,2022年1月21日,08,17,21,26,27,29,31,01,33
第455回,2022年1月28日,01,05,08,15,18,26,36,33,34
第456回,2022年2月4日,09,15,17,18,22,25,31,33,36
第457回,2022年2月11日,07,14,19,27,31,35,36,09,33
第458回,2022年2月18日,07,11,12,14,19,21,33,06,37
第459回,2022年2月25日,02,04,07,08,10,20,29,14,33
第460回,2022年3月4日,05,06,09,23,27,28,30,04,13
第461回,2022年3月11日,02,13,19,22,32,35,37,14,33
第462回,2022年3月18日,07,11,24,27,29,34,35,04,18
第463回,2022年3月25日,03,07,13,16,19,24,30,06,10
第464回,2022年4月1日,07,08,13,17,30,32,36,01,10
第465回,2022年4月8日,01,04,05,13,27,31,35,15,22
第466回,2022年4月15日,05,06,08,14,15,25,29,18,33
第467回,2022年4月22日,07,08,11,13,14,26,30,31,34
第468回,2022年4月29日,03,12,15,16,25,29,37,26,28
第469回,2022年5月6日,01,06,08,13,16,30,33,23,28
第470回,2022年5月13日,02,03,09,16,27,32,36,01,34
第471回,2022年5月20日,03,05,07,08,11,19,34,17,32
第472回,2022年5月27日,05,07,08,32,33,34,36,04,06
第473回,2022年6月3日,06,11,21,24,28,33,37,08,27
第474回,2022年6月10日,03,17,19,21,24,32,34,27,28
第475回,2022年6月17日,01,02,22,24,26,31,37,12,19
第476回,2022年6月24日,04,07,09,15,22,24,31,21,37
第435回,2021年9月3日,03,05,07,11,15,17,25,13,32
第436回,2021年9月10日,05,06,21,22,26,31,32,18,36
第437回,2021年9月17日,08,10,14,15,23,25,26,01,11
第438回,2021年9月24日,04,13,16,21,32,34,37,27,33
第439回,2021年10月1日,01,03,06,09,26,29,31,14,18
第440回,2021年10月8日,05,10,17,18,19,22,32,14,35
第441回,2021年10月15日,15,21,22,23,27,28,37,08,25
第442回,2021年10月22日,06,13,14,16,19,30,32,25,36
第443回,2021年10月29日,01,05,08,26,28,32,36,23,24
第444回,2021年11月5日,11,15,16,17,18,27,29,25,33
第445回,2021年11月12日,04,22,25,27,28,30,33,02,03
第446回,2021年11月19日,01,07,09,12,15,29,32,11,28
第447回,2021年11月26日,03,05,08,13,26,30,37,25,28
第448回,2021年12月3日,07,21,24,29,32,36,37,22,27
第449回,2021年12月10日,02,21,26,27,32,33,34,08,09
第450回,2021年12月17日,02,07,12,15,21,23,30,09,31
第451回,2021年12月24日,02,15,22,25,28,33,37,10,17
第452回,2022年1月7日,05,17,20,21,31,34,35,08,27
第453回,2022年1月14日,02,08,10,21,24,26,35,09,13
第454回,2022年1月21日,08,17,21,26,27,29,31,01,33
第455回,2022年1月28日,01,05,08,15,18,26,36,33,34
第456回,2022年2月4日,09,15,17,18,22,25,31,33,36
第457回,2022年2月11日,07,14,19,27,31,35,36,09,33
第458回,2022年2月18日,07,11,12,14,19,21,33,06,37
第459回,2022年2月25日,02,04,07,08,10,20,29,14,33
第460回,2022年3月4日,05,06,09,23,27,28,30,04,13
第461回,2022年3月11日,02,13,19,22,32,35,37,14,33
第462回,2022年3月18日,07,11,24,27,29,34,35,04,18
第463回,2022年3月25日,03,07,13,16,19,24,30,06,10
第464回,2022年4月1日,07,08,13,17,30,32,36,01,10
第465回,2022年4月8日,01,04,05,13,27,31,35,15,22
第466回,2022年4月15日,05,06,08,14,15,25,29,18,33
第467回,2022年4月22日,07,08,11,13,14,26,30,31,34
第468回,2022年4月29日,03,12,15,16,25,29,37,26,28
第469回,2022年5月6日,01,06,08,13,16,30,33,23,28
第470回,2022年5月13日,02,03,09,16,27,32,36,01,34
第471回,2022年5月20日,03,05,07,08,11,19,34,17,32
第472回,2022年5月27日,05,07,08,32,33,34,36,04,06
第473回,2022年6月3日,06,11,21,24,28,33,37,08,27
第474回,2022年6月10日,03,17,19,21,24,32,34,27,28
第475回,2022年6月17日,01,02,22,24,26,31,37,12,19
第476回,2022年6月24日,04,07,09,15,22,24,31,21,37
第477回,2022年7月1日,02,05,09,19,25,32,37,07,29
第478回,2022年7月8日,06,08,11,13,16,20,32,12,34
第479回,2022年7月15日,08,11,13,18,24,30,31,21,23
第480回,2022年7月22日,10,13,19,21,26,30,36,22,34
第481回,2022年7月29日,01,10,13,14,16,25,27,05,21
第435回,2021年9月3日,03,05,07,11,15,17,25,13,32
第436回,2021年9月10日,05,06,21,22,26,31,32,18,36
第437回,2021年9月17日,08,10,14,15,23,25,26,01,11
第438回,2021年9月24日,04,13,16,21,32,34,37,27,33
第439回,2021年10月1日,01,03,06,09,26,29,31,14,18
第440回,2021年10月8日,05,10,17,18,19,22,32,14,35
第441回,2021年10月15日,15,21,22,23,27,28,37,08,25
第442回,2021年10月22日,06,13,14,16,19,30,32,25,36
第443回,2021年10月29日,01,05,08,26,28,32,36,23,24
第444回,2021年11月5日,11,15,16,17,18,27,29,25,33
第445回,2021年11月12日,04,22,25,27,28,30,33,02,03
第446回,2021年11月19日,01,07,09,12,15,29,32,11,28
第447回,2021年11月26日,03,05,08,13,26,30,37,25,28
第448回,2021年12月3日,07,21,24,29,32,36,37,22,27
第449回,2021年12月10日,02,21,26,27,32,33,34,08,09
第450回,2021年12月17日,02,07,12,15,21,23,30,09,31
第451回,2021年12月24日,02,15,22,25,28,33,37,10,17
第452回,2022年1月7日,05,17,20,21,31,34,35,08,27
第453回,2022年1月14日,02,08,10,21,24,26,35,09,13
第454回,2022年1月21日,08,17,21,26,27,29,31,01,33
第455回,2022年1月28日,01,05,08,15,18,26,36,33,34
第456回,2022年2月4日,09,15,17,18,22,25,31,33,36
第457回,2022年2月11日,07,14,19,27,31,35,36,09,33
第458回,2022年2月18日,07,11,12,14,19,21,33,06,37
第459回,2022年2月25日,02,04,07,08,10,20,29,14,33
第460回,2022年3月4日,05,06,09,23,27,28,30,04,13
第461回,2022年3月11日,02,13,19,22,32,35,37,14,33
第462回,2022年3月18日,07,11,24,27,29,34,35,04,18
第463回,2022年3月25日,03,07,13,16,19,24,30,06,10
第464回,2022年4月1日,07,08,13,17,30,32,36,01,10
第465回,2022年4月8日,01,04,05,13,27,31,35,15,22
第466回,2022年4月15日,05,06,08,14,15,25,29,18,33
第467回,2022年4月22日,07,08,11,13,14,26,30,31,34
第468回,2022年4月29日,03,12,15,16,25,29,37,26,28
第469回,2022年5月6日,01,06,08,13,16,30,33,23,28
第470回,2022年5月13日,02,03,09,16,27,32,36,01,34
第471回,2022年5月20日,03,05,07,08,11,19,34,17,32
第472回,2022年5月27日,05,07,08,32,33,34,36,04,06
第473回,2022年6月3日,06,11,21,24,28,33,37,08,27
第474回,2022年6月10日,03,17,19,21,24,32,34,27,28
第475回,2022年6月17日,01,02,22,24,26,31,37,12,19
第476回,2022年6月24日,04,07,09,15,22,24,31,21,37
第477回,2022年7月1日,02,05,09,19,25,32,37,07,29
第478回,2022年7月8日,06,08,11,13,16,20,32,12,34
第479回,2022年7月15日,08,11,13,18,24,30,31,21,23
第480回,2022年7月22日,10,13,19,21,26,30,36,22,34
第481回,2022年7月29日,01,10,13,14,16,25,27,05,21
第482回,2022年8月5日,02,05,14,15,17,19,36,08,34
第483回,2022年8月12日,02,11,20,23,25,36,37,29,34
第484回,2022年8月19日,01,04,06,09,13,22,31,29,30
第485回,2022年8月26日,04,06,17,20,22,24,26,08,09
