count,date,val1,val2,val3,val4,val5,bornas
第1回,1999年4月13日,01,03,17,20,25,26
第2回,1999年4月27日,02,11,12,21,30,28
第3回,1999年5月11日,01,08,10,24,30,28
第4回,1999年5月25日,11,12,14,20,31,29
第5回,1999年6月8日,08,09,15,21,25,23
第6回,1999年6月22日,02,11,16,24,29,04
第7回,1999年7月6日,03,24,25,26,31,02
第8回,1999年7月20日,22,24,25,28,30,21
第9回,1999年8月3日,02,11,12,13,28,15
第10回,1999年8月17日,08,19,21,23,30,05
第11回,1999年8月31日,17,18,19,20,30,31
第12回,1999年9月14日,05,09,13,16,19,21
第13回,1999年9月28日,06,11,18,25,28,20
第14回,1999年10月5日,02,21,24,26,29,28
第15回,1999年10月12日,06,08,17,23,24,22
第16回,1999年10月19日,02,20,24,26,27,23
第17回,1999年10月26日,10,18,20,25,27,01
第18回,1999年11月2日,01,14,16,23,25,27
第19回,1999年11月9日,02,09,10,22,27,01
第20回,1999年11月16日,14,20,22,25,30,15
第21回,1999年11月23日,03,15,22,25,31,06
第22回,1999年11月30日,04,06,26,28,30,14
第23回,1999年12月7日,02,13,18,22,26,15
第24回,1999年12月14日,12,14,19,26,28,15
第25回,1999年12月21日,02,03,07,18,29,15
第26回,1999年12月28日,07,08,09,14,15,04
第27回,2000年1月4日,10,16,20,21,31,14
第28回,2000年1月11日,02,09,15,22,29,11
第29回,2000年1月18日,09,12,17,26,31,15
第30回,2000年1月25日,10,15,17,18,30,16
第31回,2000年2月1日,14,20,21,24,28,17
第32回,2000年2月8日,02,11,13,16,24,20
第33回,2000年2月15日,02,03,08,09,30,23
第34回,2000年2月22日,04,09,18,28,29,12
第35回,2000年2月29日,10,11,18,24,26,29
第36回,2000年3月7日,04,08,15,16,21,25
第37回,2000年3月14日,06,07,10,16,31,20
第38回,2000年3月21日,11,16,17,19,31,04
第39回,2000年3月28日,01,09,15,26,30,11
第40回,2000年4月4日,04,16,24,25,27,05
第41回,2000年4月11日,10,16,19,22,26,29
第42回,2000年4月18日,02,05,19,24,31,28
第43回,2000年4月25日,03,06,11,16,30,05
第44回,2000年5月2日,05,18,20,25,27,11
第45回,2000年5月9日,07,13,19,24,26,11
第46回,2000年5月16日,02,10,22,23,26,06
第47回,2000年5月23日,02,06,08,17,29,10
第48回,2000年5月30日,02,09,11,13,31,18
第49回,2000年6月6日,10,13,14,23,25,12
第50回,2000年6月13日,04,05,06,08,10,26
第51回,2000年6月20日,05,07,15,16,31,02
第52回,2000年6月27日,04,10,12,26,31,20
第53回,2000年7月4日,04,13,14,15,17,30
第54回,2000年7月11日,04,05,15,18,21,16
第55回,2000年7月18日,04,10,11,18,31,03
第56回,2000年7月25日,01,03,07,10,27,16
第57回,2000年8月1日,03,21,23,27,29,13
第58回,2000年8月8日,01,02,04,10,24,20
第59回,2000年8月15日,09,15,20,21,22,10
第60回,2000年8月22日,16,17,22,23,26,30
第61回,2000年8月29日,09,23,24,29,30,05
第62回,2000年9月5日,05,10,13,17,29,06
第63回,2000年9月12日,03,05,06,22,28,01
第64回,2000年9月19日,05,10,11,12,23,15
第65回,2000年9月26日,08,09,10,17,23,15
第66回,2000年10月3日,05,06,12,17,20,01
第67回,2000年10月10日,04,05,08,14,27,06
第68回,2000年10月17日,05,06,21,22,24,11
第69回,2000年10月24日,05,06,09,23,30,02
第70回,2000年10月31日,01,05,07,17,21,15
第71回,2000年11月7日,11,17,18,22,30,02
第72回,2000年11月14日,08,10,24,28,30,12
第73回,2000年11月21日,04,06,08,26,30,07
第74回,2000年11月28日,04,06,16,22,28,09
第75回,2000年12月5日,07,14,16,17,29,01
第76回,2000年12月12日,06,11,13,16,23,03
第77回,2000年12月19日,02,03,10,22,26,23
第78回,2000年12月26日,04,11,19,20,22,28
第79回,2001年1月9日,02,13,16,26,30,11
第80回,2001年1月16日,07,10,13,18,22,04
第81回,2001年1月23日,01,07,10,16,25,18
第82回,2001年1月30日,01,03,11,27,30,08
第83回,2001年2月6日,01,06,11,23,26,03
第84回,2001年2月13日,01,15,29,30,31,16
第85回,2001年2月20日,09,11,14,20,29,02
第86回,2001年2月27日,02,08,13,20,24,09
第87回,2001年3月6日,01,05,12,23,27,14
第88回,2001年3月13日,04,19,26,27,30,03
第89回,2001年3月20日,05,07,24,27,29,14
第90回,2001年3月27日,06,12,14,21,27,15
第91回,2001年4月3日,08,09,15,18,22,03
第92回,2001年4月10日,02,03,11,22,30,31
第93回,2001年4月17日,11,15,22,26,27,08
第94回,2001年4月24日,16,19,20,26,29,27
第95回,2001年5月1日,04,05,07,08,31,26
第96回,2001年5月8日,01,05,06,14,27,17
第97回,2001年5月15日,06,12,15,19,22,03
第98回,2001年5月22日,01,02,09,11,20,04
第99回,2001年5月29日,03,07,10,13,15,26
第100回,2001年6月5日,11,12,19,20,31,03
第101回,2001年6月12日,02,10,11,13,26,22
第102回,2001年6月19日,05,10,11,25,28,23
第103回,2001年6月26日,10,13,19,21,30,14
第104回,2001年7月3日,03,04,07,21,30,31
第105回,2001年7月10日,06,11,14,21,27,20
第106回,2001年7月17日,03,05,11,12,18,02
第107回,2001年7月24日,04,08,12,26,27,18
第108回,2001年7月31日,06,10,20,27,29,19
第109回,2001年8月7日,03,05,15,19,22,25
第110回,2001年8月14日,03,07,13,22,27,02
第111回,2001年8月21日,10,19,24,27,31,06
第112回,2001年8月28日,05,07,15,26,27,01
第113回,2001年9月4日,01,02,06,16,28,04
第114回,2001年9月11日,03,05,06,07,11,08
第115回,2001年9月18日,10,15,29,30,31,16
第116回,2001年9月25日,02,07,13,18,23,11
第117回,2001年10月2日,05,11,12,23,24,03
第118回,2001年10月9日,02,04,12,20,23,14
第119回,2001年10月16日,12,14,25,29,30,05
第120回,2001年10月23日,08,12,14,18,27,24
第121回,2001年10月30日,05,17,18,24,30,20
第122回,2001年11月6日,01,08,23,27,28,09
第123回,2001年11月13日,01,05,06,13,15,21
第124回,2001年11月20日,05,07,17,19,27,09
第125回,2001年11月27日,02,21,22,27,29,24
第126回,2001年12月4日,07,16,18,22,25,21
第127回,2001年12月11日,08,09,18,29,31,24
第128回,2001年12月18日,03,06,22,24,27,26
第129回,2001年12月25日,02,13,20,25,30,12
第130回,2002年1月8日,03,04,11,17,26,05
第131回,2002年1月15日,01,09,12,18,21,15
第132回,2002年1月22日,07,13,17,19,24,18
第133回,2002年1月29日,04,07,11,18,31,27
第134回,2002年2月5日,04,05,13,16,18,20
第135回,2002年2月12日,04,07,08,09,24,20
第136回,2002年2月19日,05,11,14,18,28,08
第137回,2002年2月26日,03,15,20,25,28,30
第138回,2002年3月5日,01,04,21,30,31,16
第139回,2002年3月12日,14,17,20,26,28,23
第140回,2002年3月19日,08,09,17,20,29,06
第141回,2002年3月26日,04,06,09,20,24,16
第142回,2002年4月2日,10,11,24,25,30,08
第143回,2002年4月9日,17,18,20,23,26,06
第144回,2002年4月16日,04,13,14,19,28,05
第145回,2002年4月23日,13,14,19,24,28,03
第146回,2002年4月30日,01,06,11,12,18,08
第147回,2002年5月7日,05,10,21,27,28,02
第148回,2002年5月14日,02,07,19,26,31,24
第149回,2002年5月21日,05,06,17,27,28,20
第150回,2002年5月28日,02,11,16,24,26,04
第151回,2002年6月4日,04,10,13,14,19,12
第152回,2002年6月11日,01,02,11,22,30,27
第153回,2002年6月18日,02,03,08,23,29,06
第154回,2002年6月25日,02,10,16,19,22,17
第155回,2002年7月2日,09,10,16,21,23,04
第156回,2002年7月9日,02,03,13,19,31,15
第157回,2002年7月16日,01,05,14,18,20,06
第158回,2002年7月23日,03,14,16,20,31,25
第159回,2002年7月30日,07,11,16,23,24,13
第160回,2002年8月6日,04,23,24,30,31,27
第161回,2002年8月13日,02,03,04,17,19,08
第162回,2002年8月20日,06,14,17,23,31,20
第163回,2002年8月27日,01,12,13,16,28,31
第164回,2002年9月3日,07,09,16,26,30,28
第165回,2002年9月10日,09,16,24,25,26,20
第166回,2002年9月17日,08,13,21,24,28,16
第167回,2002年9月24日,11,19,20,25,26,23
第168回,2002年10月1日,02,08,11,16,30,17
第169回,2002年10月8日,08,15,18,25,31,13
第170回,2002年10月15日,02,07,14,20,22,05
第171回,2002年10月22日,02,06,09,12,31,17
第172回,2002年10月29日,01,04,14,21,28,03
第173回,2002年11月5日,11,18,20,22,29,10
第174回,2002年11月12日,01,03,08,21,22,02
第175回,2002年11月19日,08,12,17,19,24,05
第176回,2002年11月26日,12,14,24,26,30,18
第177回,2002年12月3日,07,13,17,21,30,20
第178回,2002年12月10日,03,24,26,28,31,20
第179回,2002年12月17日,01,07,26,30,31,12
第180回,2002年12月24日,17,18,19,21,28,22
第181回,2003年1月7日,01,03,14,16,26,12
第182回,2003年1月14日,02,10,14,23,24,06
第183回,2003年1月21日,03,09,13,25,26,07
第184回,2003年1月28日,02,10,23,30,31,16
第185回,2003年2月4日,07,19,20,25,28,02
第186回,2003年2月11日,08,12,20,21,25,22
第187回,2003年2月18日,04,06,17,24,25,01
第188回,2003年2月25日,07,16,24,25,28,30
第189回,2003年3月4日,09,16,22,25,26,03
第190回,2003年3月11日,04,05,21,27,29,02
第191回,2003年3月18日,01,06,08,12,13,02
第192回,2003年3月25日,06,07,10,11,17,03
第193回,2003年4月1日,06,08,18,20,22,11
第194回,2003年4月8日,03,06,15,17,23,01
第195回,2003年4月15日,01,02,06,15,23,21
第196回,2003年4月22日,02,04,14,21,22,16
第197回,2003年4月29日,08,18,20,21,31,01
第198回,2003年5月6日,13,20,21,25,28,14
第199回,2003年5月13日,01,09,21,26,29,25
第200回,2003年5月20日,01,04,12,13,18,25
第201回,2003年5月27日,03,05,23,25,26,17
第202回,2003年6月3日,06,10,11,18,31,25
第203回,2003年6月10日,04,10,18,22,25,20
第204回,2003年6月17日,07,18,22,24,29,09
第205回,2003年6月24日,03,04,13,14,23,12
第206回,2003年7月1日,06,08,12,27,31,24
第207回,2003年7月8日,03,04,10,16,25,07
第208回,2003年7月15日,06,10,13,16,17,29
第209回,2003年7月22日,07,17,23,27,29,12
第210回,2003年7月29日,09,10,18,19,29,21
第211回,2003年8月5日,09,10,13,18,22,15
第212回,2003年8月12日,01,05,10,14,30,26
第213回,2003年8月19日,01,02,03,09,29,27
第214回,2003年8月26日,02,08,16,18,28,12
第215回,2003年9月2日,04,15,20,21,28,16
第216回,2003年9月9日,03,07,13,16,17,02
第217回,2003年9月16日,02,08,17,19,23,21
第218回,2003年9月23日,09,16,24,25,29,23
第219回,2003年9月30日,01,15,17,21,28,06
第220回,2003年10月7日,09,10,11,21,29,05
第221回,2003年10月14日,04,08,14,22,26,09
第222回,2003年10月21日,10,18,21,26,28,09
第223回,2003年10月28日,04,10,16,19,22,21
第224回,2003年11月4日,12,16,27,30,31,14
第225回,2003年11月11日,13,14,18,24,26,16
第226回,2003年11月18日,04,12,14,26,30,28
第227回,2003年11月25日,02,04,07,21,30,20
第228回,2003年12月2日,10,17,21,24,27,02
第229回,2003年12月9日,12,19,23,24,30,06
第230回,2003年12月16日,04,16,17,25,26,19
第231回,2003年12月23日,03,04,10,11,24,28
第232回,2003年12月30日,03,12,20,24,26,31
第233回,2004年1月6日,08,14,19,21,29,25
第234回,2004年1月13日,16,18,22,23,26,02
第235回,2004年1月20日,05,06,16,17,31,08
第236回,2004年1月27日,14,17,23,24,29,03
第237回,2004年2月3日,06,08,17,18,28,20
第238回,2004年2月10日,13,15,17,22,25,26
第239回,2004年2月17日,16,18,21,23,27,31
第240回,2004年2月24日,02,06,14,28,29,11
第241回,2004年3月2日,01,02,04,13,26,07
第242回,2004年3月9日,05,12,23,27,31,14
第243回,2004年3月16日,04,11,15,27,28,01
第244回,2004年3月23日,06,11,21,22,25,15
第245回,2004年3月30日,01,10,14,21,28,23
第246回,2004年4月6日,01,12,15,20,23,04
第247回,2004年4月13日,07,11,19,27,31,02
第248回,2004年4月20日,04,13,16,24,29,12
第249回,2004年4月27日,09,11,12,18,20,07
第250回,2004年5月4日,01,03,11,12,31,22
第251回,2004年5月11日,01,03,19,20,23,28
第252回,2004年5月18日,12,18,24,27,31,22
第253回,2004年5月25日,01,03,10,21,25,29
第254回,2004年6月1日,03,07,22,25,29,27
第255回,2004年6月8日,12,17,20,27,29,18
第256回,2004年6月15日,05,09,15,16,27,28
第257回,2004年6月22日,02,09,12,20,31,10
第258回,2004年6月29日,04,06,09,19,22,05
第259回,2004年7月6日,05,07,11,12,23,17
第260回,2004年7月13日,06,07,17,19,23,28
第261回,2004年7月20日,02,03,05,14,29,18
第262回,2004年7月27日,05,19,23,27,28,02
第263回,2004年8月3日,15,25,28,30,31,02
第264回,2004年8月10日,02,04,07,25,30,15
第265回,2004年8月17日,01,03,24,26,28,21
第266回,2004年8月24日,03,08,25,28,31,06
第267回,2004年8月31日,08,14,15,19,25,31
第268回,2004年9月7日,17,18,20,27,31,13
第269回,2004年9月14日,03,07,20,23,29,16
第270回,2004年9月21日,09,10,11,14,19,21
第271回,2004年9月28日,06,13,15,24,31,20
第272回,2004年10月5日,04,16,21,28,29,09
第273回,2004年10月12日,03,05,07,11,17,23
第274回,2004年10月19日,07,08,09,16,25,12
第275回,2004年10月26日,11,16,17,21,22,19
第276回,2004年11月2日,12,16,19,20,23,11
第277回,2004年11月9日,04,14,16,19,22,10
第278回,2004年11月16日,08,12,13,14,24,16
第279回,2004年11月23日,02,07,19,23,25,11
第280回,2004年11月30日,04,09,13,15,19,12
第281回,2004年12月7日,05,07,11,13,21,27
第282回,2004年12月14日,01,02,18,27,29,13
第283回,2004年12月21日,11,15,19,20,29,01
第284回,2004年12月28日,01,05,08,11,18,30
第285回,2005年1月4日,08,17,19,24,26,16
第286回,2005年1月11日,14,15,20,22,30,02
第287回,2005年1月18日,02,07,14,19,21,01
第288回,2005年1月25日,06,16,21,29,31,18
第289回,2005年2月1日,05,06,11,24,28,18
第290回,2005年2月8日,03,08,11,23,30,05
第291回,2005年2月15日,04,08,21,23,26,22
第292回,2005年2月22日,02,07,13,25,31,17
第293回,2005年3月1日,14,15,16,24,25,12
第294回,2005年3月8日,14,23,26,29,31,28
第295回,2005年3月15日,08,14,16,17,26,05
第296回,2005年3月22日,08,14,18,24,29,19
第297回,2005年3月29日,05,09,18,25,30,31
第298回,2005年4月5日,08,10,12,15,22,16
第299回,2005年4月12日,02,09,15,26,31,11
第300回,2005年4月19日,10,13,16,22,28,07
第301回,2005年4月26日,05,11,16,26,31,12
第302回,2005年5月3日,06,07,09,14,20,22
第303回,2005年5月10日,13,14,16,19,25,01
第304回,2005年5月17日,03,10,11,14,20,17
第305回,2005年5月24日,10,11,13,16,24,22
第306回,2005年5月31日,17,20,23,24,31,11
第307回,2005年6月7日,02,10,15,21,28,12
第308回,2005年6月14日,01,13,17,22,27,16
第309回,2005年6月21日,08,14,17,22,23,01
第310回,2005年6月28日,06,14,17,24,25,11
第311回,2005年7月5日,02,17,19,28,29,10
第312回,2005年7月12日,07,12,17,18,21,11
第313回,2005年7月19日,01,07,26,27,31,30
第314回,2005年7月26日,02,07,16,18,20,28
第315回,2005年8月2日,07,11,15,28,31,14
第316回,2005年8月9日,24,25,28,29,30,27
第317回,2005年8月16日,08,10,11,22,23,12
第318回,2005年8月23日,09,18,19,30,31,16
第319回,2005年8月30日,03,20,21,22,27,09
第320回,2005年9月6日,06,07,13,28,30,12
第321回,2005年9月13日,02,11,18,21,27,15
第322回,2005年9月20日,05,08,10,28,31,02
第323回,2005年9月27日,05,15,19,22,27,29
第324回,2005年10月4日,05,06,13,29,30,17
第325回,2005年10月11日,08,11,13,15,28,22
第326回,2005年10月18日,01,03,06,11,25,12
第327回,2005年10月25日,08,14,19,25,28,16
第328回,2005年11月1日,01,02,11,12,18,08
第329回,2005年11月8日,05,14,15,17,29,10
第330回,2005年11月15日,03,13,15,19,24,08
第331回,2005年11月22日,06,19,21,29,30,24
第332回,2005年11月29日,04,09,24,28,29,25
第333回,2005年12月6日,19,21,22,26,28,24
第334回,2005年12月13日,07,12,22,23,25,13
第335回,2005年12月20日,14,16,23,25,31,22
第336回,2005年12月27日,10,14,20,27,28,08
第337回,2006年1月10日,04,07,21,22,23,15
第338回,2006年1月17日,01,03,19,21,27,09
第339回,2006年1月24日,04,09,11,15,23,26
第340回,2006年1月31日,10,14,18,23,25,31
第341回,2006年2月7日,02,05,17,18,26,03
第342回,2006年2月14日,02,15,24,25,27,09
第343回,2006年2月21日,06,10,15,27,30,08
第344回,2006年2月28日,04,09,13,21,23,31
第345回,2006年3月7日,07,14,16,17,29,18
第346回,2006年3月14日,04,14,18,26,31,03
第347回,2006年3月21日,10,11,20,23,27,13
第348回,2006年3月28日,08,09,11,12,18,23
第349回,2006年4月4日,03,05,06,07,12,18
第350回,2006年4月11日,03,09,22,24,28,27
第351回,2006年4月18日,03,06,11,12,27,26
第352回,2006年4月25日,05,07,14,17,30,29
第353回,2006年5月2日,03,13,14,17,25,18
第354回,2006年5月9日,03,06,17,19,30,01
第355回,2006年5月16日,08,09,24,27,29,31
第356回,2006年5月23日,06,11,17,19,22,21
第357回,2006年5月30日,15,24,26,28,29,16
第358回,2006年6月6日,04,13,18,27,31,23
第359回,2006年6月13日,03,11,15,18,19,22
第360回,2006年6月20日,06,11,20,27,28,05
第361回,2006年6月27日,02,04,06,12,30,05
第362回,2006年7月4日,04,17,19,20,31,07
第363回,2006年7月11日,04,10,12,17,22,16
第364回,2006年7月18日,05,09,13,20,23,18
第365回,2006年7月25日,06,10,18,27,28,14
第366回,2006年8月1日,02,11,14,19,30,03
第367回,2006年8月8日,04,06,14,19,31,09
第368回,2006年8月15日,01,08,17,28,29,06
第369回,2006年8月22日,04,10,23,29,30,31
第370回,2006年8月29日,10,12,16,26,28,21
第371回,2006年9月5日,10,12,19,23,31,27
第372回,2006年9月12日,01,05,22,25,30,12
第373回,2006年9月19日,03,05,11,12,29,22
第374回,2006年9月26日,09,17,27,28,29,08
第375回,2006年10月3日,01,10,20,23,24,16
第376回,2006年10月10日,07,13,21,25,28,02
第377回,2006年10月17日,01,12,20,21,30,06
第378回,2006年10月24日,06,08,15,21,24,05
第379回,2006年10月31日,02,08,15,19,28,26
第380回,2006年11月7日,02,11,12,17,31,15
第381回,2006年11月14日,03,09,19,22,23,21
第382回,2006年11月21日,07,09,11,14,23,19
第383回,2006年11月28日,04,07,09,17,31,12
第384回,2006年12月5日,04,09,15,25,29,05
第385回,2006年12月12日,06,14,20,24,27,03
第386回,2006年12月19日,01,03,05,07,23,14
第387回,2006年12月26日,16,26,28,29,30,11
第388回,2007年1月9日,04,08,19,27,31,11
第389回,2007年1月16日,08,11,13,27,30,06
第390回,2007年1月23日,11,14,23,29,30,20
第391回,2007年1月30日,01,10,15,30,31,21
第392回,2007年2月6日,03,13,15,25,30,26
第393回,2007年2月13日,15,17,18,22,30,11
第394回,2007年2月20日,02,05,21,27,31,25
第395回,2007年2月27日,06,21,22,23,31,03
第396回,2007年3月6日,01,06,21,25,28,22
第397回,2007年3月13日,01,14,17,24,25,29
第398回,2007年3月20日,10,17,25,27,31,26
第399回,2007年3月27日,07,13,23,27,31,08
第400回,2007年4月3日,12,20,22,24,25,26
第401回,2007年4月10日,11,13,18,26,30,06
第402回,2007年4月17日,10,20,22,24,27,08
第403回,2007年4月24日,02,05,16,30,31,18
第404回,2007年5月1日,01,08,11,26,28,24
第405回,2007年5月8日,08,09,13,27,31,17
第406回,2007年5月15日,05,13,19,28,29,01
第407回,2007年5月22日,05,15,21,22,31,10
第408回,2007年5月29日,07,12,22,26,30,04
第409回,2007年6月5日,02,11,19,27,28,05
第410回,2007年6月12日,03,10,19,20,31,15
第411回,2007年6月19日,05,08,12,19,22,11
第412回,2007年6月26日,01,05,06,09,23,16
第413回,2007年7月3日,08,14,21,23,29,17
第414回,2007年7月10日,05,07,10,20,27,21
第415回,2007年7月17日,11,16,24,28,30,22
第416回,2007年7月24日,04,06,13,15,22,07
第417回,2007年7月31日,03,09,12,23,24,22
第418回,2007年8月7日,13,16,22,27,30,04
第419回,2007年8月14日,05,12,19,20,27,28
第420回,2007年8月21日,02,10,13,23,27,18
第421回,2007年8月28日,11,14,24,28,29,16
第422回,2007年9月4日,10,12,15,21,27,24
第423回,2007年9月11日,08,14,16,24,31,07
第424回,2007年9月18日,03,04,08,11,31,24
第425回,2007年9月25日,04,10,20,25,28,06
第426回,2007年10月2日,03,15,17,21,26,29
第427回,2007年10月9日,09,14,19,20,26,16
第428回,2007年10月16日,11,20,24,27,29,21
第429回,2007年10月23日,11,18,22,26,30,20
第430回,2007年10月30日,03,07,16,18,21,27
第431回,2007年11月6日,03,12,14,24,25,02
第432回,2007年11月13日,03,09,14,22,25,12
第433回,2007年11月20日,01,12,17,20,27,14
第434回,2007年11月27日,01,06,10,11,22,18
第435回,2007年12月4日,08,19,22,25,27,06
第436回,2007年12月11日,07,08,18,21,24,17
第437回,2007年12月18日,09,13,15,28,31,12
第438回,2007年12月25日,01,02,10,13,21,16
第439回,2008年1月8日,10,17,19,21,23,16
第440回,2008年1月15日,05,12,13,21,30,28
第441回,2008年1月22日,06,08,19,28,30,17
第442回,2008年1月29日,05,08,19,24,30,17
第443回,2008年2月5日,05,17,22,23,30,20
第444回,2008年2月12日,01,11,17,30,31,13
第445回,2008年2月19日,07,16,18,26,31,25
第446回,2008年2月26日,10,11,15,16,17,04
第447回,2008年3月4日,14,17,20,25,26,08
第448回,2008年3月11日,01,07,12,17,18,25
第449回,2008年3月18日,07,08,10,11,20,12
第450回,2008年3月25日,02,05,08,13,27,26
第451回,2008年4月1日,03,07,12,14,16,31
第452回,2008年4月8日,02,12,16,18,30,20
第453回,2008年4月15日,04,07,12,17,27,24
第454回,2008年4月22日,02,05,13,20,24,12
第455回,2008年4月29日,01,10,16,24,26,09
第456回,2008年5月6日,06,08,10,16,20,02
第457回,2008年5月13日,02,16,17,22,28,11
第458回,2008年5月20日,06,08,15,24,31,01
第459回,2008年5月27日,12,13,26,27,29,02
第460回,2008年6月3日,10,11,25,27,30,04
第461回,2008年6月10日,06,12,17,20,26,11
第462回,2008年6月17日,04,19,22,25,29,27
第463回,2008年6月24日,12,13,16,21,23,18
第464回,2008年7月1日,01,12,16,22,28,15
第465回,2008年7月8日,13,18,21,25,28,07
第466回,2008年7月15日,15,16,19,20,29,17
第467回,2008年7月22日,01,02,13,15,23,26
第468回,2008年7月29日,07,08,13,24,27,10
第469回,2008年8月5日,05,09,12,16,19,03
第470回,2008年8月12日,11,15,22,30,31,14
第471回,2008年8月19日,13,17,20,23,30,28
第472回,2008年8月26日,04,15,17,20,21,03
第473回,2008年9月2日,04,05,18,20,26,03
第474回,2008年9月9日,05,12,14,18,23,11
第475回,2008年9月16日,08,09,12,14,24,30
第476回,2008年9月23日,03,10,12,20,24,13
第477回,2008年9月30日,01,04,13,20,28,31
第478回,2008年10月7日,03,17,18,22,25,05
第479回,2008年10月14日,14,22,26,27,29,21
第480回,2008年10月21日,05,07,18,25,31,23
第481回,2008年10月28日,03,07,13,16,25,31
第482回,2008年11月4日,02,16,20,24,29,05
第483回,2008年11月11日,07,20,23,27,29,25
第484回,2008年11月18日,01,03,04,19,29,27
第485回,2008年11月25日,03,08,10,15,31,18
第486回,2008年12月2日,05,08,20,22,26,19
第487回,2008年12月9日,15,17,20,22,29,16
第488回,2008年12月16日,10,15,17,23,29,24
第489回,2008年12月23日,02,04,09,22,31,17
第490回,2008年12月30日,07,09,13,21,24,11
第491回,2009年1月6日,08,10,16,20,23,06
第492回,2009年1月13日,03,08,09,11,20,18
第493回,2009年1月20日,01,11,12,13,17,26
第494回,2009年1月27日,02,10,14,26,28,18
第495回,2009年2月3日,07,10,22,26,27,05
第496回,2009年2月10日,04,10,11,22,30,09
第497回,2009年2月17日,04,21,23,27,28,26
第498回,2009年2月24日,02,15,20,23,30,03
第499回,2009年3月3日,02,08,14,15,26,31
第500回,2009年3月10日,19,20,23,25,28,05
第501回,2009年3月17日,12,13,16,17,21,22
第502回,2009年3月24日,02,03,05,13,14,01
第503回,2009年3月31日,11,18,21,23,27,03
第504回,2009年4月7日,08,10,24,28,31,09
第505回,2009年4月14日,05,16,19,20,22,28
第506回,2009年4月21日,04,14,15,23,24,11
第507回,2009年4月28日,10,19,26,27,28,02
第508回,2009年5月5日,03,06,09,14,25,01
第509回,2009年5月12日,02,13,22,29,30,08
第510回,2009年5月19日,18,19,21,23,30,25
第511回,2009年5月26日,13,16,26,28,31,11
第512回,2009年6月2日,08,14,25,29,30,07
第513回,2009年6月9日,03,11,18,19,25,08
第514回,2009年6月16日,15,16,21,25,30,14
第515回,2009年6月23日,05,21,24,25,26,31
第516回,2009年6月30日,03,12,14,15,26,05
第517回,2009年7月7日,12,26,28,29,30,05
第518回,2009年7月14日,11,16,18,20,27,23
第519回,2009年7月21日,02,09,25,29,31,04
第520回,2009年7月28日,02,03,11,14,30,08
第521回,2009年8月4日,04,09,14,25,26,15
第522回,2009年8月11日,04,19,22,23,27,31
第523回,2009年8月18日,08,17,18,19,24,10
第524回,2009年8月25日,07,10,17,22,24,12
第525回,2009年9月1日,01,14,21,25,27,06
第526回,2009年9月8日,04,05,16,21,31,26
第527回,2009年9月15日,11,13,15,23,25,04
第528回,2009年9月22日,02,11,14,15,21,08
第529回,2009年9月29日,05,07,14,16,20,15
第530回,2009年10月6日,02,03,05,16,19,10
第531回,2009年10月13日,13,21,22,26,27,19
第532回,2009年10月20日,05,10,21,27,28,18
第533回,2009年10月27日,06,13,19,23,31,20
第534回,2009年11月3日,07,22,25,26,30,04
第535回,2009年11月10日,18,20,23,24,31,07
第536回,2009年11月17日,14,18,20,22,24,19
第537回,2009年11月24日,09,10,27,29,30,05
第538回,2009年12月1日,08,10,13,20,21,31
第539回,2009年12月8日,09,18,23,26,29,05
第540回,2009年12月15日,02,19,22,27,29,06
,,,,,,,
,,,,,,,
第581回,2010年9月28日,02,06,12,14,30,03
第582回,2010年10月5日,03,14,22,24,30,10
第583回,2010年10月12日,01,03,10,11,16,24
第584回,2010年10月19日,06,09,11,14,22,29
第585回,2010年10月26日,14,19,23,24,31,29
第586回,2010年11月2日,01,05,06,10,15,02
第587回,2010年11月9日,11,17,19,29,30,01
第588回,2010年11月16日,04,11,18,26,31,13
第589回,2010年11月23日,03,10,13,22,26,12
第590回,2010年11月30日,04,07,11,17,19,14
第591回,2010年12月7日,04,08,09,13,19,12
第592回,2010年12月14日,05,06,23,25,26,14
第593回,2010年12月21日,11,14,22,28,29,25
第594回,2010年12月28日,02,05,10,22,30,12
第595回,2011年1月4日,07,11,15,20,23,03
第596回,2011年1月11日,06,09,10,14,27,31
第597回,2011年1月18日,02,13,16,17,19,29
第598回,2011年1月25日,04,15,21,26,30,01
第599回,2011年2月1日,03,07,10,11,29,25
第600回,2011年2月8日,01,02,03,04,22,13
,,,,,,,
第621回,2011年7月5日,06,12,18,24,30,09
第622回,2011年7月12日,13,14,20,25,27,19
第623回,2011年7月19日,04,09,14,15,26,29
第624回,2011年7月26日,05,07,11,12,24,04
第625回,2011年8月2日,19,20,23,26,31,06
第626回,2011年8月9日,11,12,14,17,26,23
第627回,2011年8月16日,06,10,14,15,20,19
第628回,2011年8月23日,01,02,10,17,20,18
第629回,2011年8月30日,01,03,16,26,29,31
第630回,2011年9月6日,03,04,16,19,31,14
第631回,2011年9月13日,03,15,18,20,25,29
第632回,2011年9月20日,06,14,15,25,26,13
第633回,2011年9月27日,02,12,19,20,30,13
第634回,2011年10月4日,06,14,24,27,31,22
第635回,2011年10月11日,12,13,16,20,29,11
第636回,2011年10月18日,08,13,21,26,30,03
第637回,2011年10月25日,01,05,10,15,21,11
第638回,2011年11月1日,01,16,18,27,30,15
第639回,2011年11月8日,06,14,20,29,31,22
第640回,2011年11月15日,06,15,18,28,31,08
第641回,2011年11月22日,05,11,14,17,22,15
第642回,2011年11月29日,09,22,26,27,31,28
第643回,2011年12月6日,09,11,17,19,22,06
第644回,2011年12月13日,05,13,15,20,27,30
第645回,2011年12月20日,08,13,18,19,24,11
第646回,2011年12月27日,03,06,16,30,31,17
第647回,2012年1月10日,03,06,07,10,21,18
第648回,2012年1月17日,06,13,18,19,21,26
第649回,2012年1月24日,03,11,18,19,21,12
第650回,2012年1月31日,04,11,18,24,26,13
第651回,2012年2月7日,08,11,15,20,31,18
第652回,2012年2月14日,02,05,19,28,29,23
第653回,2012年2月21日,11,16,20,22,30,21
第654回,2012年2月28日,06,11,22,25,27,02
第655回,2012年3月6日,07,09,12,14,18,24
第656回,2012年3月13日,04,10,15,22,23,07
第657回,2012年3月20日,09,14,18,23,30,10
第658回,2012年3月27日,07,08,11,15,26,01
第659回,2012年4月3日,05,09,22,30,31,03
第660回,2012年4月10日,07,12,15,30,31,18
第661回,2012年4月17日,02,06,09,19,20,27
第662回,2012年4月24日,07,09,15,28,31,26
第663回,2012年5月1日,01,09,10,21,31,23
第664回,2012年5月8日,06,09,11,16,29,04
第665回,2012年5月15日,07,12,17,20,28,09
第666回,2012年5月22日,10,11,17,24,29,26
第667回,2012年5月29日,08,09,19,26,31,28
第668回,2012年6月5日,07,09,16,27,29,30
第669回,2012年6月12日,04,07,08,25,31,14
第670回,2012年6月19日,04,06,26,27,29,30
第671回,2012年6月26日,07,14,19,22,27,28
第672回,2012年7月3日,03,08,20,22,28,05
第673回,2012年7月10日,06,12,21,24,25,22
第674回,2012年7月17日,01,02,03,24,25,15
第675回,2012年7月24日,06,21,27,28,31,20
第676回,2012年7月31日,04,06,18,22,28,01
第677回,2012年8月7日,10,16,23,24,30,18
第678回,2012年8月14日,15,17,21,24,25,20
第679回,2012年8月21日,05,11,23,29,31,28
第680回,2012年8月28日,02,03,11,15,24,23
第681回,2012年9月4日,06,12,17,19,30,09
第682回,2012年9月11日,04,08,20,25,27,30
第683回,2012年9月18日,01,07,15,23,26,11
第684回,2012年9月25日,10,12,13,19,25,07
第685回,2012年10月2日,08,11,19,21,30,01
第686回,2012年10月9日,03,05,07,10,18,06
第687回,2012年10月16日,02,09,17,24,29,22
第688回,2012年10月23日,04,05,09,15,26,11
第689回,2012年10月30日,12,13,19,23,25,28
第690回,2012年11月6日,11,16,22,23,25,09
第691回,2012年11月13日,03,09,10,20,25,31
第692回,2012年11月20日,09,13,14,23,31,20
第693回,2012年11月27日,05,17,21,24,25,03
第694回,2012年12月4日,05,12,15,16,20,06
第695回,2012年12月11日,04,19,20,27,28,14
第696回,2012年12月18日,05,09,15,19,30,06
第697回,2012年12月25日,05,07,17,25,27,18
第698回,2013年1月8日,02,03,05,14,24,09
第699回,2013年1月15日,06,12,21,24,28,15
第700回,2013年1月22日,06,08,09,21,26,04
第701回,2013年1月29日,04,08,13,15,26,03
第702回,2013年2月5日,10,12,13,20,23,04
第703回,2013年2月12日,03,10,16,28,31,15
第704回,2013年2月19日,02,11,21,24,25,23
第705回,2013年2月26日,08,16,18,21,22,27
第706回,2013年3月5日,04,06,15,16,29,27
第707回,2013年3月12日,02,11,23,27,29,03
第708回,2013年3月19日,10,11,20,28,29,01
第709回,2013年3月26日,02,05,16,17,18,30
第710回,2013年4月2日,02,15,18,25,26,20
第711回,2013年4月9日,03,05,10,17,25,22
第712回,2013年4月16日,03,07,18,27,31,01
第713回,2013年4月23日,04,13,22,28,31,16
第714回,2013年4月30日,06,10,20,22,31,01
第715回,2013年5月7日,02,03,05,09,22,18
第716回,2013年5月14日,13,18,19,20,24,17
第717回,2013年5月21日,03,05,14,23,26,01
第718回,2013年5月28日,02,11,16,19,24,23
第719回,2013年6月4日,02,09,18,22,27,16
第720回,2013年6月11日,05,11,17,19,20,15
,,,,,,,
第741回,2013年11月5日,06,11,12,15,25,10
第742回,2013年11月12日,03,05,16,26,31,01
第743回,2013年11月19日,04,15,18,20,30,05
第744回,2013年11月26日,02,04,05,14,24,19
第745回,2013年12月3日,03,10,13,14,22,15
第746回,2013年12月10日,02,10,15,18,20,13
第747回,2013年12月17日,01,12,23,29,30,09
第748回,2013年12月24日,02,06,07,11,15,04
第749回,2014年1月7日,01,11,14,16,30,25
第750回,2014年1月14日,02,05,09,13,19,24
第751回,2014年1月21日,07,15,18,19,30,08
第752回,2014年1月28日,11,23,26,27,31,24
第753回,2014年2月4日,02,10,20,23,24,26
第754回,2014年2月11日,11,12,24,25,30,31
第755回,2014年2月18日,20,21,22,25,27,14
第756回,2014年2月25日,05,08,09,27,30,11
第757回,2014年3月4日,12,15,21,25,27,22
第758回,2014年3月11日,08,14,19,22,24,26
第759回,2014年3月18日,08,18,23,24,30,04
第760回,2014年3月25日,01,07,14,25,30,08
,,,,,,,
第781回,2014年8月19日,02,07,10,21,24,04
第782回,2014年8月26日,04,07,09,14,21,26
第783回,2014年9月2日,04,05,10,15,20,08
第784回,2014年9月9日,14,19,21,25,29,08
第785回,2014年9月16日,07,21,22,26,28,05
第786回,2014年9月23日,05,06,21,28,29,07
第787回,2014年9月30日,11,15,22,26,31,07
第788回,2014年10月7日,01,21,28,29,30,15
第789回,2014年10月14日,04,05,11,16,31,19
第790回,2014年10月21日,11,13,15,19,21,07
第791回,2014年10月28日,06,16,18,30,31,10
第792回,2014年11月4日,12,13,15,18,22,28
第793回,2014年11月11日,06,10,18,20,31,24
第794回,2014年11月18日,03,04,08,10,31,07
第795回,2014年11月25日,02,06,11,14,18,01
第796回,2014年12月2日,03,10,19,21,30,07
第797回,2014年12月9日,08,09,29,30,31,18
第798回,2014年12月16日,03,08,10,23,27,12
第799回,2014年12月23日,01,02,17,19,26,24
第800回,2014年12月30日,01,19,20,22,25,02
,,,,,,,
第821回,2015年5月26日,06,08,18,21,23,30
第822回,2015年6月2日,07,08,10,17,28,04
第823回,2015年6月9日,06,10,14,18,23,09
第824回,2015年6月16日,04,16,22,28,29,10
第825回,2015年6月23日,03,08,12,21,26,19
第826回,2015年6月30日,01,08,21,23,27,22
第827回,2015年7月7日,03,04,06,23,31,10
第828回,2015年7月14日,02,08,11,15,26,03
第829回,2015年7月21日,08,12,19,23,31,06
第830回,2015年7月28日,05,06,20,23,29,15
第831回,2015年8月4日,07,09,17,19,21,03
第832回,2015年8月11日,09,10,15,19,31,24
第833回,2015年8月18日,06,09,15,24,28,12
第834回,2015年8月25日,05,13,21,25,26,02
第835回,2015年9月1日,01,09,11,23,29,17
第836回,2015年9月8日,05,15,20,28,29,10
第837回,2015年9月15日,04,05,09,24,25,31
第838回,2015年9月22日,04,06,11,12,15,22
第839回,2015年9月29日,02,06,14,27,30,12
第840回,2015年10月6日,01,05,11,15,31,08
第841回,2015年10月13日,05,06,07,13,18,08
第842回,2015年10月20日,09,18,20,24,25,04
第843回,2015年10月27日,02,14,23,28,30,26
第844回,2015年11月3日,03,11,14,22,26,01
第845回,2015年11月10日,03,10,22,24,30,28
第846回,2015年11月17日,01,17,27,30,31,08
第847回,2015年11月24日,07,18,19,21,31,15
第848回,2015年12月1日,02,03,22,29,31,01
第849回,2015年12月8日,04,14,17,19,20,26
第850回,2015年12月15日,01,02,13,15,18,28
第851回,2015年12月22日,10,19,20,24,31,23
第852回,2015年12月29日,02,09,15,18,22,12
第853回,2016年1月5日,06,11,17,18,30,28
第854回,2016年1月12日,03,16,22,23,31,10
第855回,2016年1月19日,02,07,17,22,24,25
第856回,2016年1月26日,01,10,15,24,29,09
第857回,2016年2月2日,02,04,21,24,28,29
第858回,2016年2月9日,06,14,15,25,26,22
第859回,2016年2月16日,13,17,19,28,31,25
第860回,2016年2月23日,08,09,21,30,31,07
第861回,2016年3月1日,04,08,12,17,27,03
第862回,2016年3月8日,03,07,09,13,23,06
第863回,2016年3月15日,01,02,11,27,28,21
第864回,2016年3月22日,14,18,26,28,30,08
第865回,2016年3月29日,03,08,16,17,31,09
第866回,2016年4月5日,04,16,18,26,28,09
第867回,2016年4月12日,13,23,24,28,30,31
第868回,2016年4月19日,01,09,14,25,30,31
第869回,2016年4月26日,02,14,16,19,30,05
第870回,2016年5月3日,03,12,22,23,31,24
第871回,2016年5月10日,04,17,24,27,31,19
第872回,2016年5月17日,15,16,24,28,30,26
第873回,2016年5月24日,04,06,10,23,29,03
第874回,2016年5月31日,06,07,08,22,24,18
第875回,2016年6月7日,02,03,08,11,28,10
第876回,2016年6月14日,18,19,20,21,27,15
第877回,2016年6月21日,05,14,20,22,23,16
第878回,2016年6月28日,02,03,08,28,29,26
第879回,2016年7月5日,02,13,24,27,31,12
第880回,2016年7月12日,05,07,11,12,21,18
第881回,2016年7月19日,10,11,17,29,30,15
第882回,2016年7月26日,02,07,08,18,30,21
第883回,2016年8月2日,01,17,18,21,25,23
第884回,2016年8月9日,07,10,22,27,31,02
第885回,2016年8月16日,09,17,21,24,27,11
第886回,2016年8月23日,01,11,20,23,29,13
第887回,2016年8月30日,03,04,19,28,29,23
第888回,2016年9月6日,06,17,24,29,31,03
第889回,2016年9月13日,05,06,12,17,22,23
第890回,2016年9月20日,01,07,12,24,31,06
第891回,2016年9月27日,10,17,29,30,31,25
第892回,2016年10月4日,02,03,12,19,21,05
第893回,2016年10月11日,11,14,20,22,25,05
第894回,2016年10月18日,11,16,21,23,30,25
第895回,2016年10月25日,07,08,09,11,14,22
第896回,2016年11月1日,11,13,16,17,26,30
第897回,2016年11月8日,16,17,18,23,31,29
第898回,2016年11月15日,05,07,20,24,25,17
第899回,2016年11月22日,01,07,19,20,31,29
第900回,2016年11月29日,01,15,18,22,25,29
第901回,2016年12月6日,02,10,13,23,24,27
第902回,2016年12月13日,06,08,16,22,28,27
第903回,2016年12月20日,02,05,21,24,29,04
第904回,2016年12月27日,03,05,08,17,21,14
第905回,2017年1月10日,04,17,18,22,27,10
第906回,2017年1月17日,02,04,06,07,23,26
第907回,2017年1月24日,03,04,10,22,31,06
第908回,2017年1月31日,18,19,21,23,31,17
第909回,2017年2月7日,03,12,14,20,27,22
第910回,2017年2月14日,10,14,20,26,30,03
第911回,2017年2月21日,02,03,04,13,16,17
第912回,2017年2月28日,09,12,19,21,22,18
第913回,2017年3月7日,02,09,17,21,23,28
第914回,2017年3月14日,02,07,15,19,24,22
第915回,2017年3月21日,14,22,24,26,27,07
第916回,2017年3月28日,17,18,23,28,30,05
第917回,2017年4月4日,01,09,10,24,27,13
第918回,2017年4月11日,16,20,22,27,29,30
第919回,2017年4月18日,04,07,09,15,23,11
第920回,2017年4月25日,05,15,22,24,25,30
,,,,,,,
第941回,2017年9月19日,03,11,12,15,28,17
第942回,2017年9月26日,02,07,10,22,29,17
第943回,2017年10月3日,04,11,18,28,30,10
第944回,2017年10月10日,05,11,13,16,27,23
第945回,2017年10月17日,14,17,21,25,31,15
第946回,2017年10月24日,05,14,24,28,29,20
第947回,2017年10月31日,03,07,19,24,27,16
第948回,2017年11月7日,03,06,12,13,22,04
第949回,2017年11月14日,01,02,05,06,21,25
第950回,2017年11月21日,05,08,12,14,28,01
第951回,2017年11月28日,03,09,12,26,27,25
第952回,2017年12月5日,04,10,15,16,18,08
第953回,2017年12月12日,04,05,09,22,29,02
第954回,2017年12月19日,11,16,21,23,25,18
第955回,2017年12月26日,09,12,17,21,30,28
第956回,2018年1月9日,06,15,18,22,29,31
第957回,2018年1月16日,02,15,26,29,31,03
第958回,2018年1月23日,03,10,15,17,19,20
第959回,2018年1月30日,02,03,09,14,19,15
第960回,2018年2月6日,02,03,05,16,20,09
第961回,2018年2月13日,02,11,18,20,29,03
第962回,2018年2月20日,03,10,15,18,25,27
第963回,2018年2月27日,04,07,17,21,28,10
第964回,2018年3月6日,16,19,27,28,30,12
第965回,2018年3月13日,07,13,15,19,28,23
第966回,2018年3月20日,01,11,25,26,27,30
第967回,2018年3月27日,04,07,11,14,31,02
第968回,2018年4月3日,01,05,10,20,24,03
第969回,2018年4月10日,01,04,18,24,27,06
第970回,2018年4月17日,02,04,19,27,28,07
第971回,2018年4月24日,07,17,18,20,24,13
第972回,2018年5月1日,13,19,21,22,27,14
第973回,2018年5月8日,01,07,12,13,31,30
第974回,2018年5月15日,10,18,21,24,27,30
第975回,2018年5月22日,10,18,19,28,29,16
第976回,2018年5月29日,02,04,15,16,19,08
第977回,2018年6月5日,09,17,21,22,23,05
第978回,2018年6月12日,01,08,20,26,28,07
第979回,2018年6月19日,01,10,23,25,28,12
第980回,2018年6月26日,08,24,27,30,31,16
第981回,2018年7月3日,10,11,19,28,30,22
第982回,2018年7月10日,05,08,20,22,27,24
第983回,2018年7月17日,06,10,12,15,23,25
第984回,2018年7月24日,02,04,05,16,27,14
第985回,2018年7月31日,05,11,16,17,26,03
第986回,2018年8月7日,01,21,22,25,27,28
第987回,2018年8月14日,06,13,15,17,21,22
第988回,2018年8月21日,01,09,11,14,21,28
第989回,2018年8月28日,02,07,10,16,30,24
第990回,2018年9月4日,03,09,17,23,25,13
第991回,2018年9月11日,01,03,09,15,30,06
第992回,2018年9月18日,01,14,17,20,31,24
第993回,2018年9月25日,01,04,24,29,30,10
第994回,2018年10月2日,07,08,19,27,31,26
第995回,2018年10月9日,01,05,14,21,30,12
第996回,2018年10月16日,09,19,20,22,26,07
第997回,2018年10月23日,01,03,08,11,14,16
第998回,2018年10月30日,01,07,19,20,25,27
第999回,2018年11月6日,06,17,18,20,29,26
第1000回,2018年11月13日,03,08,14,18,26,07
,,,,,,,
第1021回,2019年4月16日,13,19,23,25,29,08
第1022回,2019年4月23日,05,13,24,27,29,22
第1023回,2019年4月30日,02,12,22,23,26,25
第1024回,2019年5月7日,04,11,12,23,28,03
第1025回,2019年5月14日,03,04,13,19,23,18
第1026回,2019年5月21日,03,14,15,22,26,01
第1027回,2019年5月28日,05,06,17,21,27,19
第1028回,2019年6月4日,02,03,08,16,27,17
第1029回,2019年6月11日,03,04,09,11,29,05
第1030回,2019年6月18日,21,24,26,27,28,22
第1031回,2019年6月25日,05,08,17,21,23,15
第1032回,2019年7月2日,01,09,14,21,26,29
第1033回,2019年7月9日,02,12,14,24,31,22
第1034回,2019年7月16日,12,22,27,28,29,10
第1035回,2019年7月23日,03,08,11,16,31,26
第1036回,2019年7月30日,07,14,16,23,28,09
第1037回,2019年8月6日,07,19,23,24,27,17
第1038回,2019年8月13日,02,05,21,23,30,08
第1039回,2019年8月20日,04,19,22,24,30,12
第1040回,2019年8月27日,07,10,13,25,27,30
,,,,,,,
第1061回,2020年1月28日,05,10,19,23,28,09
第1062回,2020年2月4日,14,18,23,29,31,17
第1063回,2020年2月11日,10,18,20,26,27,25
第1064回,2020年2月18日,01,05,08,28,29,07
第1065回,2020年2月25日,08,11,14,16,31,10
第1066回,2020年3月3日,15,17,20,22,23,21
第1067回,2020年3月10日,02,10,13,15,28,26
第1068回,2020年3月17日,02,03,20,24,31,09
第1069回,2020年3月24日,01,03,09,14,25,20
第1070回,2020年3月31日,07,09,11,27,31,21
第1071回,2020年4月7日,02,03,04,27,31,07
第1072回,2020年4月14日,03,04,10,12,13,31
第1073回,2020年4月21日,02,13,21,24,30,14
第1074回,2020年4月28日,15,18,20,22,27,21
第1075回,2020年5月5日,04,11,13,16,31,06
第1076回,2020年5月12日,05,07,11,22,26,15
第1077回,2020年5月19日,03,17,19,25,31,04
第1078回,2020年5月26日,03,10,16,17,25,24
第1079回,2020年6月2日,02,06,14,16,26,04
第1080回,2020年6月9日,04,05,13,19,21,14
第1081回,2020年6月16日,02,03,04,24,25,08
第1082回,2020年6月23日,01,02,14,19,29,05
第1083回,2020年6月30日,01,03,19,26,29,05
第1084回,2020年7月7日,11,19,28,29,31,02
第1085回,2020年7月14日,09,10,16,17,28,13
第1086回,2020年7月21日,02,18,19,28,30,16
第1087回,2020年7月28日,01,03,04,09,16,28
第1088回,2020年8月4日,02,08,14,17,26,04
第1089回,2020年8月11日,03,13,18,19,22,29
第1090回,2020年8月18日,04,12,15,22,25,10
第1091回,2020年8月25日,01,14,25,29,31,30
第1092回,2020年9月1日,09,13,14,19,22,25
第1093回,2020年9月8日,02,12,17,23,30,08
第1094回,2020年9月15日,03,05,08,14,22,21
第1095回,2020年9月22日,04,10,16,21,24,06
第1096回,2020年9月29日,01,02,12,20,22,08
第1097回,2020年10月6日,05,12,18,19,24,16
第1098回,2020年10月13日,03,13,17,28,31,19
第1099回,2020年10月20日,01,03,05,14,23,15
第1100回,2020年10月27日,13,18,19,25,27,16
第1101回,2020年11月3日,01,08,10,12,29,13
第1102回,2020年11月10日,08,13,20,26,29,06
第1103回,2020年11月17日,01,06,07,21,31,18
第1104回,2020年11月24日,07,16,20,23,28,06
第1105回,2020年12月1日,04,11,16,21,26,09
第1106回,2020年12月8日,02,18,21,25,30,19
第1107回,2020年12月15日,07,10,16,18,29,05
第1108回,2020年12月22日,06,10,14,17,19,27
第1109回,2020年12月29日,07,15,17,26,27,08
第1110回,2021年1月5日,02,07,19,23,28,03
第1111回,2021年1月12日,02,03,04,13,31,29
第1112回,2021年1月19日,05,06,08,13,25,29
第1113回,2021年1月26日,19,20,21,26,27,12
第1114回,2021年2月2日,07,18,21,25,26,12
第1115回,2021年2月9日,02,04,06,11,29,20
第1116回,2021年2月16日,07,24,25,27,29,10
第1117回,2021年2月23日,04,13,22,27,30,19
第1118回,2021年3月2日,08,13,16,27,29,11
第1119回,2021年3月9日,09,10,12,17,18,14
第1120回,2021年3月16日,02,10,11,17,31,26
第1121回,2021年3月23日,13,19,21,24,25,16
第1122回,2021年3月30日,08,09,14,25,28,11
第1123回,2021年4月6日,07,17,26,28,29,24
第1124回,2021年4月13日,03,04,06,08,27,12
第1125回,2021年4月20日,02,06,10,14,21,18
第1126回,2021年4月27日,06,08,20,30,31,25
第1127回,2021年5月4日,08,22,24,27,28,16
第1128回,2021年5月11日,04,07,13,24,30,02
第1129回,2021年5月18日,05,09,16,29,30,12
第1130回,2021年5月25日,05,06,08,25,26,11
第1131回,2021年6月1日,06,08,11,24,29,23
第1132回,2021年6月8日,03,04,14,15,18,05
第1133回,2021年6月15日,14,17,23,28,30,07
第1134回,2021年6月22日,06,13,20,23,28,21
第1135回,2021年6月29日,07,19,21,23,28,24
第1136回,2021年7月6日,11,15,20,22,23,04
第1137回,2021年7月13日,07,08,21,25,31,14
第1138回,2021年7月20日,14,20,23,28,29,27
第1139回,2021年7月27日,12,16,17,24,31,22
第1140回,2021年8月3日,07,11,17,19,28,25
第1141回,2021年8月10日,09,12,17,18,27,22
第1142回,2021年8月17日,11,23,25,29,30,18
第1143回,2021年8月24日,03,04,16,19,27,23
第1144回,2021年8月31日,04,11,14,21,30,27
第1145回,2021年9月7日,11,14,20,28,31,12
第1146回,2021年9月14日,04,05,11,29,30,24
第1147回,2021年9月21日,06,08,23,27,29,21
第1148回,2021年9月28日,01,03,06,15,19,10
第1145回,2021年9月7日,11,14,20,28,31,12
第1146回,2021年9月14日,04,05,11,29,30,24
第1147回,2021年9月21日,06,08,23,27,29,21
第1148回,2021年9月28日,01,03,06,15,19,10
第1149回,2021年10月5日,05,12,14,15,20,07
第1150回,2021年10月12日,01,10,13,27,29,14
第1151回,2021年10月19日,14,18,21,30,31,09
第1152回,2021年10月26日,02,12,14,23,27,21
第1145回,2021年9月7日,11,14,20,28,31,12
第1146回,2021年9月14日,04,05,11,29,30,24
第1147回,2021年9月21日,06,08,23,27,29,21
第1148回,2021年9月28日,01,03,06,15,19,10
第1149回,2021年10月5日,05,12,14,15,20,07
第1150回,2021年10月12日,01,10,13,27,29,14
第1151回,2021年10月19日,14,18,21,30,31,09
第1152回,2021年10月26日,02,12,14,23,27,21
第1153回,2021年11月2日,17,25,27,29,30,15
第1154回,2021年11月9日,09,10,12,21,24,27
第1155回,2021年11月16日,01,09,13,16,19,18
第1156回,2021年11月23日,01,03,14,27,30,07
第1157回,2021年11月30日,02,06,07,13,30,17
第1145回,2021年9月7日,11,14,20,28,31,12
第1146回,2021年9月14日,04,05,11,29,30,24
第1147回,2021年9月21日,06,08,23,27,29,21
第1148回,2021年9月28日,01,03,06,15,19,10
第1149回,2021年10月5日,05,12,14,15,20,07
第1150回,2021年10月12日,01,10,13,27,29,14
第1151回,2021年10月19日,14,18,21,30,31,09
第1152回,2021年10月26日,02,12,14,23,27,21
第1153回,2021年11月2日,17,25,27,29,30,15
第1154回,2021年11月9日,09,10,12,21,24,27
第1155回,2021年11月16日,01,09,13,16,19,18
第1156回,2021年11月23日,01,03,14,27,30,07
第1157回,2021年11月30日,02,06,07,13,30,17
第1158回,2021年12月7日,01,14,23,25,26,29
第1159回,2021年12月14日,11,12,14,18,31,06
第1160回,2021年12月21日,07,19,22,24,31,21
第1161回,2021年12月28日,03,09,13,17,24,29
第1145回,2021年9月7日,11,14,20,28,31,12
第1146回,2021年9月14日,04,05,11,29,30,24
第1147回,2021年9月21日,06,08,23,27,29,21
第1148回,2021年9月28日,01,03,06,15,19,10
第1149回,2021年10月5日,05,12,14,15,20,07
第1150回,2021年10月12日,01,10,13,27,29,14
第1151回,2021年10月19日,14,18,21,30,31,09
第1152回,2021年10月26日,02,12,14,23,27,21
第1153回,2021年11月2日,17,25,27,29,30,15
第1154回,2021年11月9日,09,10,12,21,24,27
第1155回,2021年11月16日,01,09,13,16,19,18
第1156回,2021年11月23日,01,03,14,27,30,07
第1157回,2021年11月30日,02,06,07,13,30,17
第1158回,2021年12月7日,01,14,23,25,26,29
第1159回,2021年12月14日,11,12,14,18,31,06
第1160回,2021年12月21日,07,19,22,24,31,21
第1161回,2021年12月28日,03,09,13,17,24,29
第1162回,2022年1月4日,02,21,23,24,29,11
第1163回,2022年1月11日,02,09,11,22,29,03
第1164回,2022年1月18日,04,09,19,26,31,25
第1165回,2022年1月25日,05,13,16,27,31,24
第1145回,2021年9月7日,11,14,20,28,31,12
第1146回,2021年9月14日,04,05,11,29,30,24
第1147回,2021年9月21日,06,08,23,27,29,21
第1148回,2021年9月28日,01,03,06,15,19,10
第1149回,2021年10月5日,05,12,14,15,20,07
第1150回,2021年10月12日,01,10,13,27,29,14
第1151回,2021年10月19日,14,18,21,30,31,09
第1152回,2021年10月26日,02,12,14,23,27,21
第1153回,2021年11月2日,17,25,27,29,30,15
第1154回,2021年11月9日,09,10,12,21,24,27
第1155回,2021年11月16日,01,09,13,16,19,18
第1156回,2021年11月23日,01,03,14,27,30,07
第1157回,2021年11月30日,02,06,07,13,30,17
第1158回,2021年12月7日,01,14,23,25,26,29
第1159回,2021年12月14日,11,12,14,18,31,06
第1160回,2021年12月21日,07,19,22,24,31,21
第1161回,2021年12月28日,03,09,13,17,24,29
第1162回,2022年1月4日,02,21,23,24,29,11
第1163回,2022年1月11日,02,09,11,22,29,03
第1164回,2022年1月18日,04,09,19,26,31,25
第1165回,2022年1月25日,05,13,16,27,31,24
第1166回,2022年2月1日,06,11,14,17,25,24
第1167回,2022年2月8日,02,14,21,27,30,23
第1168回,2022年2月15日,05,13,14,24,31,02
第1169回,2022年2月22日,01,07,09,21,27,13
第1145回,2021年9月7日,11,14,20,28,31,12
第1146回,2021年9月14日,04,05,11,29,30,24
第1147回,2021年9月21日,06,08,23,27,29,21
第1148回,2021年9月28日,01,03,06,15,19,10
第1149回,2021年10月5日,05,12,14,15,20,07
第1150回,2021年10月12日,01,10,13,27,29,14
第1151回,2021年10月19日,14,18,21,30,31,09
第1152回,2021年10月26日,02,12,14,23,27,21
第1153回,2021年11月2日,17,25,27,29,30,15
第1154回,2021年11月9日,09,10,12,21,24,27
第1155回,2021年11月16日,01,09,13,16,19,18
第1156回,2021年11月23日,01,03,14,27,30,07
第1157回,2021年11月30日,02,06,07,13,30,17
第1158回,2021年12月7日,01,14,23,25,26,29
第1159回,2021年12月14日,11,12,14,18,31,06
第1160回,2021年12月21日,07,19,22,24,31,21
第1161回,2021年12月28日,03,09,13,17,24,29
第1162回,2022年1月4日,02,21,23,24,29,11
第1163回,2022年1月11日,02,09,11,22,29,03
第1164回,2022年1月18日,04,09,19,26,31,25
第1165回,2022年1月25日,05,13,16,27,31,24
第1166回,2022年2月1日,06,11,14,17,25,24
第1167回,2022年2月8日,02,14,21,27,30,23
第1168回,2022年2月15日,05,13,14,24,31,02
第1169回,2022年2月22日,01,07,09,21,27,13
第1170回,2022年3月1日,02,16,18,20,28,29
第1171回,2022年3月8日,01,03,06,16,23,31
第1172回,2022年3月15日,11,24,26,28,29,22
第1173回,2022年3月22日,03,04,13,16,27,09
第1174回,2022年3月29日,05,06,21,29,30,27
第1145回,2021年9月7日,11,14,20,28,31,12
第1146回,2021年9月14日,04,05,11,29,30,24
第1147回,2021年9月21日,06,08,23,27,29,21
第1148回,2021年9月28日,01,03,06,15,19,10
第1149回,2021年10月5日,05,12,14,15,20,07
第1150回,2021年10月12日,01,10,13,27,29,14
第1151回,2021年10月19日,14,18,21,30,31,09
第1152回,2021年10月26日,02,12,14,23,27,21
第1153回,2021年11月2日,17,25,27,29,30,15
第1154回,2021年11月9日,09,10,12,21,24,27
第1155回,2021年11月16日,01,09,13,16,19,18
第1156回,2021年11月23日,01,03,14,27,30,07
第1157回,2021年11月30日,02,06,07,13,30,17
第1158回,2021年12月7日,01,14,23,25,26,29
第1159回,2021年12月14日,11,12,14,18,31,06
第1160回,2021年12月21日,07,19,22,24,31,21
第1161回,2021年12月28日,03,09,13,17,24,29
第1162回,2022年1月4日,02,21,23,24,29,11
第1163回,2022年1月11日,02,09,11,22,29,03
第1164回,2022年1月18日,04,09,19,26,31,25
第1165回,2022年1月25日,05,13,16,27,31,24
第1166回,2022年2月1日,06,11,14,17,25,24
第1167回,2022年2月8日,02,14,21,27,30,23
第1168回,2022年2月15日,05,13,14,24,31,02
第1169回,2022年2月22日,01,07,09,21,27,13
第1170回,2022年3月1日,02,16,18,20,28,29
第1171回,2022年3月8日,01,03,06,16,23,31
第1172回,2022年3月15日,11,24,26,28,29,22
第1173回,2022年3月22日,03,04,13,16,27,09
第1174回,2022年3月29日,05,06,21,29,30,27
第1175回,2022年4月5日,01,07,15,16,29,02
第1176回,2022年4月12日,01,12,20,27,29,17
第1177回,2022年4月19日,03,10,16,21,30,07
第1178回,2022年4月26日,01,05,09,13,22,31
第1145回,2021年9月7日,11,14,20,28,31,12
第1146回,2021年9月14日,04,05,11,29,30,24
第1147回,2021年9月21日,06,08,23,27,29,21
第1148回,2021年9月28日,01,03,06,15,19,10
第1149回,2021年10月5日,05,12,14,15,20,07
第1150回,2021年10月12日,01,10,13,27,29,14
第1151回,2021年10月19日,14,18,21,30,31,09
第1152回,2021年10月26日,02,12,14,23,27,21
第1153回,2021年11月2日,17,25,27,29,30,15
第1154回,2021年11月9日,09,10,12,21,24,27
第1155回,2021年11月16日,01,09,13,16,19,18
第1156回,2021年11月23日,01,03,14,27,30,07
第1157回,2021年11月30日,02,06,07,13,30,17
第1158回,2021年12月7日,01,14,23,25,26,29
第1159回,2021年12月14日,11,12,14,18,31,06
第1160回,2021年12月21日,07,19,22,24,31,21
第1161回,2021年12月28日,03,09,13,17,24,29
第1162回,2022年1月4日,02,21,23,24,29,11
第1163回,2022年1月11日,02,09,11,22,29,03
第1164回,2022年1月18日,04,09,19,26,31,25
第1165回,2022年1月25日,05,13,16,27,31,24
第1166回,2022年2月1日,06,11,14,17,25,24
第1167回,2022年2月8日,02,14,21,27,30,23
第1168回,2022年2月15日,05,13,14,24,31,02
第1169回,2022年2月22日,01,07,09,21,27,13
第1170回,2022年3月1日,02,16,18,20,28,29
第1171回,2022年3月8日,01,03,06,16,23,31
第1172回,2022年3月15日,11,24,26,28,29,22
第1173回,2022年3月22日,03,04,13,16,27,09
第1174回,2022年3月29日,05,06,21,29,30,27
第1175回,2022年4月5日,01,07,15,16,29,02
第1176回,2022年4月12日,01,12,20,27,29,17
第1177回,2022年4月19日,03,10,16,21,30,07
第1178回,2022年4月26日,01,05,09,13,22,31
第1179回,2022年5月3日,18,19,20,25,30,27
第1180回,2022年5月10日,13,15,16,26,29,27
第1181回,2022年5月17日,02,09,13,16,22,15
第1182回,2022年5月24日,07,10,20,22,28,21
第1183回,2022年5月31日,03,07,09,14,15,23
第1145回,2021年9月7日,11,14,20,28,31,12
第1146回,2021年9月14日,04,05,11,29,30,24
第1147回,2021年9月21日,06,08,23,27,29,21
第1148回,2021年9月28日,01,03,06,15,19,10
第1149回,2021年10月5日,05,12,14,15,20,07
第1150回,2021年10月12日,01,10,13,27,29,14
第1151回,2021年10月19日,14,18,21,30,31,09
第1152回,2021年10月26日,02,12,14,23,27,21
第1153回,2021年11月2日,17,25,27,29,30,15
第1154回,2021年11月9日,09,10,12,21,24,27
第1155回,2021年11月16日,01,09,13,16,19,18
第1156回,2021年11月23日,01,03,14,27,30,07
第1157回,2021年11月30日,02,06,07,13,30,17
第1158回,2021年12月7日,01,14,23,25,26,29
第1159回,2021年12月14日,11,12,14,18,31,06
第1160回,2021年12月21日,07,19,22,24,31,21
第1161回,2021年12月28日,03,09,13,17,24,29
第1162回,2022年1月4日,02,21,23,24,29,11
第1163回,2022年1月11日,02,09,11,22,29,03
第1164回,2022年1月18日,04,09,19,26,31,25
第1165回,2022年1月25日,05,13,16,27,31,24
第1166回,2022年2月1日,06,11,14,17,25,24
第1167回,2022年2月8日,02,14,21,27,30,23
第1168回,2022年2月15日,05,13,14,24,31,02
第1169回,2022年2月22日,01,07,09,21,27,13
第1170回,2022年3月1日,02,16,18,20,28,29
第1171回,2022年3月8日,01,03,06,16,23,31
第1172回,2022年3月15日,11,24,26,28,29,22
第1173回,2022年3月22日,03,04,13,16,27,09
第1174回,2022年3月29日,05,06,21,29,30,27
第1175回,2022年4月5日,01,07,15,16,29,02
第1176回,2022年4月12日,01,12,20,27,29,17
第1177回,2022年4月19日,03,10,16,21,30,07
第1178回,2022年4月26日,01,05,09,13,22,31
第1179回,2022年5月3日,18,19,20,25,30,27
第1180回,2022年5月10日,13,15,16,26,29,27
第1181回,2022年5月17日,02,09,13,16,22,15
第1182回,2022年5月24日,07,10,20,22,28,21
第1183回,2022年5月31日,03,07,09,14,15,23
第1184回,2022年6月7日,05,08,12,19,27,15
第1185回,2022年6月14日,01,14,16,17,22,04
第1186回,2022年6月21日,09,13,15,24,28,17
第1187回,2022年6月28日,03,05,06,11,23,16
第1145回,2021年9月7日,11,14,20,28,31,12
第1146回,2021年9月14日,04,05,11,29,30,24
第1147回,2021年9月21日,06,08,23,27,29,21
第1148回,2021年9月28日,01,03,06,15,19,10
第1149回,2021年10月5日,05,12,14,15,20,07
第1150回,2021年10月12日,01,10,13,27,29,14
第1151回,2021年10月19日,14,18,21,30,31,09
第1152回,2021年10月26日,02,12,14,23,27,21
第1153回,2021年11月2日,17,25,27,29,30,15
第1154回,2021年11月9日,09,10,12,21,24,27
第1155回,2021年11月16日,01,09,13,16,19,18
第1156回,2021年11月23日,01,03,14,27,30,07
第1157回,2021年11月30日,02,06,07,13,30,17
第1158回,2021年12月7日,01,14,23,25,26,29
第1159回,2021年12月14日,11,12,14,18,31,06
第1160回,2021年12月21日,07,19,22,24,31,21
第1161回,2021年12月28日,03,09,13,17,24,29
第1162回,2022年1月4日,02,21,23,24,29,11
第1163回,2022年1月11日,02,09,11,22,29,03
第1164回,2022年1月18日,04,09,19,26,31,25
第1165回,2022年1月25日,05,13,16,27,31,24
第1166回,2022年2月1日,06,11,14,17,25,24
第1167回,2022年2月8日,02,14,21,27,30,23
第1168回,2022年2月15日,05,13,14,24,31,02
第1169回,2022年2月22日,01,07,09,21,27,13
第1170回,2022年3月1日,02,16,18,20,28,29
第1171回,2022年3月8日,01,03,06,16,23,31
第1172回,2022年3月15日,11,24,26,28,29,22
第1173回,2022年3月22日,03,04,13,16,27,09
第1174回,2022年3月29日,05,06,21,29,30,27
第1175回,2022年4月5日,01,07,15,16,29,02
第1176回,2022年4月12日,01,12,20,27,29,17
第1177回,2022年4月19日,03,10,16,21,30,07
第1178回,2022年4月26日,01,05,09,13,22,31
第1179回,2022年5月3日,18,19,20,25,30,27
第1180回,2022年5月10日,13,15,16,26,29,27
第1181回,2022年5月17日,02,09,13,16,22,15
第1182回,2022年5月24日,07,10,20,22,28,21
第1183回,2022年5月31日,03,07,09,14,15,23
第1184回,2022年6月7日,05,08,12,19,27,15
第1185回,2022年6月14日,01,14,16,17,22,04
第1186回,2022年6月21日,09,13,15,24,28,17
第1187回,2022年6月28日,03,05,06,11,23,16
第1188回,2022年7月5日,02,25,26,29,31,06
第1189回,2022年7月12日,06,07,16,17,22,09
第1190回,2022年7月19日,03,20,23,24,28,29
第1191回,2022年7月26日,11,16,20,25,26,07
第1145回,2021年9月7日,11,14,20,28,31,12
第1146回,2021年9月14日,04,05,11,29,30,24
第1147回,2021年9月21日,06,08,23,27,29,21
第1148回,2021年9月28日,01,03,06,15,19,10
第1149回,2021年10月5日,05,12,14,15,20,07
第1150回,2021年10月12日,01,10,13,27,29,14
第1151回,2021年10月19日,14,18,21,30,31,09
第1152回,2021年10月26日,02,12,14,23,27,21
第1153回,2021年11月2日,17,25,27,29,30,15
第1154回,2021年11月9日,09,10,12,21,24,27
第1155回,2021年11月16日,01,09,13,16,19,18
第1156回,2021年11月23日,01,03,14,27,30,07
第1157回,2021年11月30日,02,06,07,13,30,17
第1158回,2021年12月7日,01,14,23,25,26,29
第1159回,2021年12月14日,11,12,14,18,31,06
第1160回,2021年12月21日,07,19,22,24,31,21
第1161回,2021年12月28日,03,09,13,17,24,29
第1162回,2022年1月4日,02,21,23,24,29,11
第1163回,2022年1月11日,02,09,11,22,29,03
第1164回,2022年1月18日,04,09,19,26,31,25
第1165回,2022年1月25日,05,13,16,27,31,24
第1166回,2022年2月1日,06,11,14,17,25,24
第1167回,2022年2月8日,02,14,21,27,30,23
第1168回,2022年2月15日,05,13,14,24,31,02
第1169回,2022年2月22日,01,07,09,21,27,13
第1170回,2022年3月1日,02,16,18,20,28,29
第1171回,2022年3月8日,01,03,06,16,23,31
第1172回,2022年3月15日,11,24,26,28,29,22
第1173回,2022年3月22日,03,04,13,16,27,09
第1174回,2022年3月29日,05,06,21,29,30,27
第1175回,2022年4月5日,01,07,15,16,29,02
第1176回,2022年4月12日,01,12,20,27,29,17
第1177回,2022年4月19日,03,10,16,21,30,07
第1178回,2022年4月26日,01,05,09,13,22,31
第1179回,2022年5月3日,18,19,20,25,30,27
第1180回,2022年5月10日,13,15,16,26,29,27
第1181回,2022年5月17日,02,09,13,16,22,15
第1182回,2022年5月24日,07,10,20,22,28,21
第1183回,2022年5月31日,03,07,09,14,15,23
第1184回,2022年6月7日,05,08,12,19,27,15
第1185回,2022年6月14日,01,14,16,17,22,04
第1186回,2022年6月21日,09,13,15,24,28,17
第1187回,2022年6月28日,03,05,06,11,23,16
第1188回,2022年7月5日,02,25,26,29,31,06
第1189回,2022年7月12日,06,07,16,17,22,09
第1190回,2022年7月19日,03,20,23,24,28,29
第1191回,2022年7月26日,11,16,20,25,26,07
第1192回,2022年8月2日,04,10,11,22,31,28
第1193回,2022年8月9日,01,04,08,11,20,15
第1194回,2022年8月16日,03,05,07,18,20,30
第1195回,2022年8月23日,03,10,11,13,14,04
第1196回,2022年8月30日,01,05,17,19,23,26
